statecode,countycode,v005_race_AIAN,v005_race_asian,v005_race_black,v005_race_hispanic,v005_race_white,v005_race_flag_CT
00,000,4000,1576,4268,2758,2529,
01,000,7625,1889,4074,2997,3201,
01,001,,,3747,,4255,
01,003,,,3274,,2861,
01,005,,,5265,,3358,
01,007,,,8851,,4706,
01,009,,,,,2069,
01,011,,,5000,,2937,
01,013,,,4307,,3673,
01,015,,,4480,,3495,
01,017,,,2904,,3409,
01,019,,,,,4059,
01,021,,,4003,,2345,
01,023,,,2476,,2837,
01,025,,,2409,,2642,
01,027,,,,,2593,
01,029,,,,,3822,
01,031,,,4757,,3126,
01,033,,,4664,,3710,
01,035,,,10910,,8423,
01,037,,,1800,,2168,
01,039,,,6745,,5137,
01,041,,,1612,,2511,
01,043,,,,,3942,
01,045,,,3060,,2890,
01,047,,,4154,,2362,
01,049,,,,,3147,
01,051,,,4097,,3464,
01,053,9087,,4166,,3396,
01,055,,,4386,,3937,
01,057,,,932,,3792,
01,059,,,5940,,5321,
01,061,,,3050,,3149,
01,063,,,2712,,,
01,065,,,4988,,3780,
01,067,,,3397,,3916,
01,069,,,6391,,3109,
01,071,,,1789,,2318,
01,073,,859,3962,3308,2838,
01,075,,,,,2944,
01,077,,,4046,,3084,
01,079,,,2205,,3709,
01,081,,,3049,,1974,
01,083,,,4630,,2689,
01,085,,,4162,,2471,
01,087,,,3698,,971,
01,089,,1336,3746,4076,2419,
01,091,,,3445,,2800,
01,093,,,5740,,5075,
01,095,,,,,3262,
01,097,,4388,4660,4505,3340,
01,099,,,4536,,3517,
01,101,,2118,4214,,2821,
01,103,,,4924,,3570,
01,105,,,4770,,2626,
01,107,,,4761,,2691,
01,109,,,2111,,3098,
01,111,,,6292,,2888,
01,113,,,2702,,2964,
01,115,,,3200,,3930,
01,117,,,2937,,2841,
01,119,,,3123,,1534,
01,121,,,3177,,3365,
01,123,,,203,,1961,
01,125,,,4294,,3826,
01,127,,,2442,,4258,
01,129,,,1566,,4638,
01,131,,,4513,,1267,
01,133,,,,,6930,
02,000,4043,2537,2679,1551,1653,
02,013,,,,,,
02,016,,,,,,
02,020,3657,2871,2831,1092,1492,
02,050,3180,,,,,
02,060,,,,,,
02,063,,,,,,
02,066,,,,,,
02,068,,,,,,
02,070,6474,,,,,
02,090,1227,1649,1875,1439,1165,
02,100,,,,,,
02,105,,,,,,
02,110,2685,715,,8201,1469,
02,122,,,,,,
02,130,3630,,,,1755,
02,150,2270,,,,414,
02,158,3925,,,,,
02,164,,,,,,
02,170,3518,,1629,790,1680,
02,180,6505,,,,,
02,185,,,,,,
02,188,,,,,,
02,195,,,,,,
02,198,,,,,,
02,220,3140,,,,2825,
02,230,3693,,,,1611,
02,240,,,,,642,
02,275,,,,,,
02,282,,,,,,
02,290,1521,,,,,
04,000,4392,1587,2877,1977,1863,
04,001,4888,5219,,1261,1477,
04,003,,544,551,948,1677,
04,005,3327,1838,,1185,1284,
04,007,4400,,,2714,1476,
04,009,3560,,,,1273,
04,011,,,,816,1711,
04,012,2502,,,,2444,
04,013,4752,1610,3263,2320,1989,
04,015,2202,,1427,2013,1931,
04,017,3863,,,2583,1498,
04,019,4009,656,2218,1616,1649,
04,021,6016,1770,2056,2047,1903,
04,023,,,,898,824,
04,025,,1360,,2010,1704,
04,027,3206,,,1568,2104,
05,000,3576,1896,3797,3275,2935,
05,001,,,3333,,2867,
05,003,,,4311,,4188,
05,005,,,,17647,3147,
05,007,,,,2943,2142,
05,009,,,,,2309,
05,011,,,3734,,2801,
05,013,,,5746,,3256,
05,015,,,,,1659,
05,017,,,6483,,3552,
05,019,,,1218,,2024,
05,021,,,,,5376,
05,023,,,,,1941,
05,025,,,,,3446,
05,027,,,4271,,3146,
05,029,,,3340,,2698,
05,031,,,9522,11125,3571,
05,033,2176,,,,3184,
05,035,,,3608,,2617,
05,037,,,1410,,4811,
05,039,,,,,3216,
05,041,,,4295,,5053,
05,043,,,4494,,6440,
05,045,,,3083,,2619,
05,047,,,,,3843,
05,049,,,,,3324,
05,051,,,3043,,2664,
05,053,,,,,2854,
05,055,,,,,4095,
05,057,,,4117,,3640,
05,059,,,1967,,2531,
05,061,,,1103,,3312,
05,063,,,6166,,3644,
05,065,,,,,3478,
05,067,,,5159,,5954,
05,069,,,4152,16000,3391,
05,071,,,,,3114,
05,073,,,1003,,3808,
05,075,,,,,2750,
05,077,,,2916,,2058,
05,079,,,1226,,3916,
05,081,,,2871,,2985,
05,083,,,,,3687,
05,085,,,3294,2475,2742,
05,087,,,,,1493,
05,089,,,,,2168,
05,091,,,2838,,3393,
05,093,,,5681,9496,4019,
05,095,,,2332,,3882,
05,097,,,,,2873,
05,099,,,487,,2532,
05,101,,,,,1711,
05,103,,,3088,,1795,
05,105,,,,,3346,
05,107,,,2026,,2495,
05,109,,,,,2920,
05,111,,,701,,4903,
05,113,,,,,3445,
05,115,,,,,2616,
05,117,,,,,3186,
05,119,,431,3571,1651,2466,
05,121,,,,,3574,
05,123,,,3604,,2955,
05,125,,,2009,,3479,
05,127,,,,,4192,
05,129,,,,,2710,
05,131,3899,2394,2553,2193,3185,
05,133,,,8201,,3030,
05,135,,,,22446,2394,
05,137,,,,,2390,
05,139,,,4072,,2699,
05,141,,,,,2334,
05,143,,2363,5322,1723,1979,
05,145,,,8695,,4045,
05,147,,,5950,,4075,
05,149,,,10370,5282,5197,
06,000,3924,1585,4346,2881,2043,
06,001,,1391,4026,2490,1946,
06,003,,,,,,
06,005,,,,,1856,
06,007,3829,1470,8040,3315,3313,
06,009,,,,2160,1816,
06,011,12480,,,1865,3632,
06,013,,1428,4176,2453,2038,
06,015,3715,,,,1962,
06,017,2978,813,2930,2473,2042,
06,019,5692,2230,6994,3330,2906,
06,021,,9826,,3130,4157,
06,023,4560,447,,1961,1967,
06,025,8667,,3401,2262,2618,
06,027,,,,,1330,
06,029,4023,1669,4234,3250,2517,
06,031,5755,,3634,2716,2415,
06,033,4923,,487,1070,1986,
06,035,,,,3196,3014,
06,037,4761,1620,4790,3438,2151,
06,039,6237,,3724,3112,2399,
06,041,,1192,3986,2598,1313,
06,043,,,,2313,2460,
06,045,4492,,2221,1535,1768,
06,047,12794,4058,4858,3273,3603,
06,049,,,,,2183,
06,051,,,,,1625,
06,053,,1860,3082,3031,2139,
06,055,,1109,424,2190,1638,
06,057,,,,2047,1621,
06,059,3341,1586,2213,2470,1604,
06,061,1827,1145,2081,1418,1728,
06,063,4666,,,,1747,
06,065,3769,1390,3840,2697,2153,
06,067,3133,2232,4056,2773,2588,
06,069,,1813,,2558,2200,
06,071,3191,1779,4936,2924,2609,
06,073,5245,1554,4131,2497,1915,
06,075,8717,1426,5771,2529,1798,
06,077,,1739,4465,2604,2448,
06,079,4101,1640,2428,2132,1463,
06,081,,1084,2863,1779,1399,
06,083,,2132,3130,2010,1212,
06,085,1226,1462,3789,3049,1836,
06,087,5589,265,1573,2346,1452,
06,089,1775,1774,3245,1812,1976,
06,091,,,,,2405,
06,093,1794,,,,1553,
06,095,,1384,3285,2069,2047,
06,097,3052,1250,2051,2704,1771,
06,099,,2941,4006,2940,2845,
06,101,5752,2707,1148,2400,3173,
06,103,,,,2562,2188,
06,105,,,,,1902,
06,107,4593,698,5505,3104,2223,
06,109,,,,1149,2006,
06,111,,1872,3303,2710,1886,
06,113,,1087,1805,1973,2064,
06,115,1604,1517,1209,4685,3446,
08,000,3302,1211,2766,2113,1630,
08,001,,2020,2200,2104,2257,
08,003,,,,1772,2403,
08,005,,1134,2579,2070,1725,
08,007,,,,,852,
08,009,,,,,4278,
08,011,,,,,3769,
08,013,,480,5851,2614,1495,
08,014,,,,,1251,
08,015,,,,,1333,
08,017,,,,,,
08,019,,,,,2228,
08,021,,,,812,,
08,023,,,,2409,1469,
08,025,,,,,2917,
08,027,,,,,1464,
08,029,,,,1318,1359,
08,031,,793,2670,2110,1593,
08,033,,,,,1725,
08,035,,,1465,1229,1764,
08,037,,,,447,1001,
08,039,,,,,1502,
08,041,,627,2751,1913,1687,
08,043,,,,2198,1806,
08,045,,,,1951,1516,
08,047,,,,,,
08,049,,,,,1147,
08,051,,,,,506,
08,053,,,,,,
08,055,,,,,872,
08,057,,,,,,
08,059,,872,3765,1494,1491,
08,061,,,,,3357,
08,063,,,,,2595,
08,065,,,,,882,
08,067,2197,,,,1243,
08,069,,,4148,933,1491,
08,071,,,,2776,2374,
08,073,,,,,1600,
08,075,,,,2438,1814,
08,077,,,,2524,1402,
08,079,,,,,1369,
08,081,,,,,943,
08,083,4978,,,,654,
08,085,,,,,1116,
08,087,,,,,2075,
08,089,,,,1403,1665,
08,091,,,,,,
08,093,,,,,1812,
08,095,,,,,2944,
08,097,,,,,357,
08,099,,,,1278,3244,
08,101,,,3427,2645,2418,
08,103,,,,,3106,
08,105,,,,4449,3010,
08,107,,,,,855,
08,109,,,,2155,1848,
08,111,,,,,,
08,113,,,,,225,
08,115,,,,,1267,
08,117,,,,,797,
08,119,,,,,1200,
08,121,,,,,2051,
08,123,,,,2590,1865,
08,125,,,,,2030,
09,000,4893,1579,4100,3517,2422,
09,001,,1011,3815,2825,2140,A
09,003,,2022,3900,4237,2467,A
09,005,,1517,2511,4092,2269,A
09,007,,,1575,,2322,A
09,009,,1576,4481,3810,2563,A
09,011,7748,2238,5251,4120,2785,A
09,013,,,,755,2454,A
09,015,,,13597,1829,3278,A
09,110,,,,,,U
09,120,,,,,,U
09,130,,,,,,U
09,140,,,,,,U
09,150,,,,,,U
09,160,,,,,,U
09,170,,,,,,U
09,180,,,,,,U
09,190,,,,,,U
10,000,,1393,3948,2851,2564,
10,001,,,3100,1502,2698,
10,003,,1673,4514,3243,2884,
10,005,,1349,3148,1561,2203,
11,000,,972,4340,3051,1050,
11,001,,973,4341,3053,1050,
12,000,4554,1993,5189,4125,2790,
12,001,,1291,6733,3041,2740,
12,003,,,2767,,3673,
12,005,,1440,4502,4105,2496,
12,007,,,2500,,3804,
12,009,,1265,4360,2954,2559,
12,011,2297,2646,5236,3736,2964,
12,013,,,4760,,3311,
12,015,,1341,3177,2906,2616,
12,017,,1359,2270,4831,2819,
12,019,,2181,3518,2323,2784,
12,021,,3473,2835,3088,2337,
12,023,,,4935,2850,3701,
12,027,,,,2549,3527,
12,029,,,,,5174,
12,031,13717,1842,5048,3993,3243,
12,033,3350,1326,5090,2961,2837,
12,035,,,3732,828,2333,
12,037,,,,,2419,
12,039,,,5443,13749,2054,
12,041,,,,,4042,
12,043,,,2652,,4450,
12,045,,,2973,,2978,
12,047,,,6354,,2861,
12,049,,,6491,1787,2131,
12,051,23737,,4503,4077,2857,
12,053,,,5603,3673,3765,
12,055,,,7276,2353,2855,
12,057,,1730,5005,4495,3359,
12,059,,,,,3295,
12,061,,914,5109,1347,2177,
12,063,,,5466,,4014,
12,065,,,5073,,2984,
12,067,,,,,3002,
12,069,,1830,4497,3887,2629,
12,071,,1450,3812,3469,2422,
12,073,,1898,5528,,2385,
12,075,,,7771,,3260,
12,077,,,,,4107,
12,079,,,2193,,3357,
12,081,,721,3825,3686,1987,
12,083,,1290,4574,4163,2990,
12,085,,,5826,5352,2634,
12,086,,2572,5988,4576,2562,
12,087,,,7181,4445,1839,
12,089,,,935,,2668,
12,091,,2802,4231,3438,2842,
12,093,,,,1091,4102,
12,095,2042,2345,5630,4729,3386,
12,097,,2243,6268,5060,3844,
12,099,,1839,4445,2900,2309,
12,101,,1512,5108,4168,3676,
12,103,,1282,6116,4141,3181,
12,105,,3078,7176,4391,3772,
12,107,,,6859,6832,4557,
12,109,,1966,4240,3215,2265,
12,111,,1648,5685,3621,3268,
12,113,,1485,4044,1246,3480,
12,115,,1878,4568,3140,2100,
12,117,,2021,5672,3662,3273,
12,119,,,6830,4356,2368,
12,121,,,4283,,2909,
12,123,,,,,2778,
12,125,,,2888,,3743,
12,127,,626,4754,4008,2667,
12,129,,,5902,,3199,
12,131,,,2273,,2897,
12,133,,,6812,,3470,
13,000,1554,1670,4036,2320,2887,
13,001,,,6528,,3274,
13,003,,,3677,24000,4176,
13,005,,,9496,,3801,
13,007,,,,,5638,
13,009,,,3497,27273,2895,
13,011,,,,,4598,
13,013,,2677,5079,,3882,
13,015,,,5476,884,3847,
13,017,,,3741,,4239,
13,019,,,5766,,4105,
13,021,,3375,4610,,2977,
13,023,,,,,2849,
13,025,,,,,3541,
13,027,,,4786,,2214,
13,029,,,,,3149,
13,031,,,4714,,3419,
13,033,,,4534,,3221,
13,035,,,1730,,2506,
13,037,,,1425,,2178,
13,039,,,4023,1688,2682,
13,043,,,3092,,3466,
13,045,,,5295,788,3818,
13,047,,,,,2173,
13,049,,,2148,,2131,
13,051,,591,4431,,2336,
13,053,,,,,2197,
13,055,,,1996,,4292,
13,057,,3012,3654,,2690,
13,059,,,4822,,2577,
13,061,,,,,1425,
13,063,,1159,3822,2698,2306,
13,065,,,6391,,3433,
13,067,,1701,3668,1714,2583,
13,069,,,5115,,5234,
13,071,,,9467,5728,5120,
13,073,,,2400,1870,2147,
13,075,,,441,,4392,
13,077,,,4200,1307,2494,
13,079,,,2442,,974,
13,081,,,2915,,4751,
13,083,,,,,1931,
13,085,,,,,3087,
13,087,,,6068,,3073,
13,089,,1896,3618,1604,2233,
13,091,,,3208,,3407,
13,093,,,7354,,4336,
13,095,,,4385,,3502,
13,097,,,5386,,3699,
13,099,,,2728,,4177,
13,101,,,,,,
13,103,,,1897,,2329,
13,105,,,3037,,3346,
13,107,,,5603,,4161,
13,109,,,6716,,2803,
13,111,,,,,2262,
13,113,,,3052,1132,2063,
13,115,,,6583,,4017,
13,117,,566,,1946,2268,
13,119,,,,,4013,
13,121,,1575,4145,2137,1950,
13,123,,,,,1646,
13,125,,,,,1817,
13,127,,3284,5418,,2719,
13,129,,,,2002,2762,
13,131,,,2512,,2892,
13,133,,,3524,,2132,
13,135,,1816,4020,2394,2665,
13,137,,,,2050,2173,
13,139,,,4961,2293,3139,
13,141,,,1813,,2040,
13,143,,,,,3453,
13,145,,,2681,,2126,
13,147,,,5412,,3298,
13,149,,,,,4122,
13,151,,628,3277,460,2553,
13,153,,,4886,649,3405,
13,155,,,6858,,4708,
13,157,,,4625,,3680,
13,159,,,1796,,2356,
13,161,,,,,1633,
13,163,,,3597,,3338,
13,165,,,,,2295,
13,167,,,10713,,3077,
13,169,,,649,,3536,
13,171,,,2990,,2618,
13,173,,,,,3281,
13,175,,,3998,,2425,
13,177,,,3724,,4577,
13,179,,,2494,,2530,
13,181,,,2432,,2539,
13,183,,,8601,,3191,
13,185,,,3370,1289,2849,
13,187,,,36364,,3155,
13,189,,,3504,,2371,
13,191,,,8838,,3316,
13,193,,,3895,,2542,
13,195,,,5751,,3247,
13,197,,,1471,,3541,
13,199,,,2053,,2747,
13,201,,,2421,,3480,
13,205,,,4097,,4787,
13,207,,,1157,,2326,
13,209,,,,,4411,
13,211,,,700,,2405,
13,213,,,,2708,3519,
13,215,,566,3724,1658,2688,
13,217,,,4860,5005,3870,
13,219,,,2532,,3054,
13,221,,,6074,,2633,
13,223,,3813,4972,5924,4954,
13,225,,,3452,,3877,
13,227,,,,,3125,
13,229,,,952,,2647,
13,231,,,5918,,2739,
13,233,,,7425,,4158,
13,235,,,,,3818,
13,237,,,4148,,2669,
13,239,,,,,,
13,241,,,,,1489,
13,243,,,5106,,2020,
13,245,,2732,3215,1817,2693,
13,247,,,3706,,3674,
13,249,,,2528,,1255,
13,251,,,2763,,3780,
13,253,,,4123,,3269,
13,255,,,4036,,2101,
13,257,,,,,3653,
13,259,,,,,2106,
13,261,,,3396,,2451,
13,263,,,,,4072,
13,265,,,,,,
13,267,,,368,,2963,
13,269,,,8781,,5487,
13,271,,,2434,,2551,
13,273,,,11962,,2764,
13,275,,,4401,,2998,
13,277,,,6617,3069,3122,
13,279,,,7263,,3038,
13,281,,,,,2672,
13,283,,,1092,,2483,
13,285,,,4652,,3379,
13,287,,,3597,,2779,
13,289,,,2064,,2727,
13,291,,,,,2435,
13,293,,,2063,,3154,
13,295,,,2267,,3075,
13,297,,,4375,3728,3390,
13,299,,,4377,,3246,
13,301,,,6684,,3686,
13,303,,,2080,,2970,
13,305,,,5702,,3527,
13,307,,,,,3008,
13,309,,,,,3999,
13,311,,,,,2793,
13,313,,,7461,1769,3500,
13,315,,,3837,,3869,
13,317,,,2136,,2249,
13,319,,,,,2832,
13,321,,,4904,,5192,
15,000,,1547,1243,2670,1498,
15,001,,1616,,2261,1863,
15,003,,1555,1127,2841,1440,
15,005,,,,,,
15,007,,1964,,,1423,
15,009,,1273,,1957,1155,
16,000,3096,1134,3055,1884,1517,
16,001,4296,,2019,1379,1180,
16,003,,,,,689,
16,005,3330,,15000,,1967,
16,007,,,,,2139,
16,009,1238,,,,1424,
16,011,5152,,,,1746,
16,013,,,,,897,
16,015,,,,,908,
16,017,,,,,983,
16,019,,,,347,1406,
16,021,,,,,687,
16,023,,,,,810,
16,025,,,,,,
16,027,6166,,,2325,1560,
16,029,,,,,1762,
16,031,,,,1054,1546,
16,033,,,,,,
16,035,,,,,1879,
16,037,,,,,1149,
16,039,,6864,,,1635,
16,041,,,,,2543,
16,043,,,,,561,
16,045,,,,,415,
16,047,,,,,2001,
16,049,,,,,1662,
16,051,,,,,1551,
16,053,,,,855,2641,
16,055,,,,2291,1775,
16,057,,,,,1155,
16,059,,,,,1121,
16,061,4427,,,,1741,
16,063,,,,,1259,
16,065,,,,,1563,
16,067,,,,1191,837,
16,069,1204,,,,1394,
16,071,,,,,2862,
16,073,,,,,2297,
16,075,,,,,1064,
16,077,,,,,2174,
16,079,,,,,2305,
16,081,,,,,2813,
16,083,,,,,2274,
16,085,,,,,2168,
16,087,,,,,1022,
17,000,4860,1844,5753,3209,2981,
17,001,,,7373,,3484,
17,003,,,1554,,783,
17,005,,,,,4043,
17,007,,,,,3173,
17,009,,,,,3647,
17,011,,,,,1893,
17,013,,,,,4722,
17,015,,,,,2835,
17,017,,,,,3243,
17,019,,2842,8056,1836,3939,
17,021,,,,,4105,
17,023,,,,,4654,
17,025,,,,,4034,
17,027,,,,,2736,
17,029,,,,,5680,
17,031,952,1838,5902,3358,2665,
17,033,,,,,2745,
17,035,,,,,4830,
17,037,,,2819,1305,2713,
17,039,,,,,2653,
17,041,,,,,4216,
17,043,,1614,3970,2434,2578,
17,045,,,,,4589,
17,047,,,,,2519,
17,049,,,,,2856,
17,051,,,,,3989,
17,053,,,,,3359,
17,055,,,,,3878,
17,057,,,,,2859,
17,059,,,,,2894,
17,061,,,,,2623,
17,063,,,,2192,3015,
17,065,,,,,3900,
17,067,,,,,3066,
17,069,,,,,5504,
17,071,,,,,2612,
17,073,,,,,2281,
17,075,,,,2741,3472,
17,077,,,4005,,2638,
17,079,,,,,2781,
17,081,,,2634,,3679,
17,083,,,,,3552,
17,085,,,,,4221,
17,087,,,,,3259,
17,089,,2493,3720,3014,2747,
17,091,,,6831,2860,3146,
17,093,,3242,4881,4501,2694,
17,095,,,3956,,2674,
17,097,,1176,5560,3271,2736,
17,099,,,,1163,2356,
17,101,,,,,4160,
17,103,,,,6014,2795,
17,105,,,15789,,3133,
17,107,,,,,2778,
17,109,,,,,3604,
17,111,,1348,7183,3099,3410,
17,113,,,5303,2629,2993,
17,115,,,4956,,3566,
17,117,,,,,4057,
17,119,,,5907,,3643,
17,121,,,2748,,3602,
17,123,,,,,2358,
17,125,,,,,2674,
17,127,,,649,,4103,
17,129,,,,,2874,
17,131,,,,,1705,
17,133,,,,,3873,
17,135,,,,,3040,
17,137,,,6771,,2653,
17,139,,,,,3907,
17,141,,,,,3110,
17,143,,,4720,2928,2701,
17,145,,,,,2373,
17,147,,,,,2842,
17,149,,,,,3631,
17,151,,,,,2418,
17,153,,,,,3872,
17,155,,,,,1088,
17,157,,,1415,,3796,
17,159,,,,,3081,
17,161,,1961,1770,1816,2522,
17,163,,,6293,3498,3604,
17,165,,,,,3087,
17,167,,,6373,,4002,
17,169,,,,,1429,
17,171,,,,,2960,
17,173,,,,,3017,
17,175,,,,,1296,
17,177,,,6085,,2499,
17,179,,,,,2696,
17,181,,,,,3066,
17,183,,,3791,,3966,
17,185,,,,,4132,
17,187,,,,,2450,
17,189,,,,,2355,
17,191,,,,,2020,
17,193,,,,,3405,
17,195,,,11758,758,3035,
17,197,,3024,5310,2897,3643,
17,199,,,6066,,3487,
17,201,,949,6930,3178,2812,
17,203,,,,,2386,
18,000,10047,1684,4983,3304,2969,
18,001,,,,,2289,
18,003,,498,5865,2173,2934,
18,005,,,,,3391,
18,007,,,,,2877,
18,009,,,,,1698,
18,011,,,,,2587,
18,013,,,,,2412,
18,015,,,,,2579,
18,017,,,,,2383,
18,019,,,3544,,3684,
18,021,,,,,3185,
18,023,,,,,1599,
18,025,,,,,3118,
18,027,,,,28571,2582,
18,029,,,,,3119,
18,031,,,,,2737,
18,033,,,,,2959,
18,035,,,6804,,3662,
18,037,,,,5631,1647,
18,039,,2098,3057,2301,2439,
18,041,,,,,3605,
18,043,,,7011,6331,2781,
18,045,,,,,3776,
18,047,,,,,2659,
18,049,,,,,2007,
18,051,,,,,3133,
18,053,,,6319,8353,3678,
18,055,,,,,3177,
18,057,,1134,1113,1084,2072,
18,059,,,4323,,2360,
18,061,,,,,2606,
18,063,,2506,,,2478,
18,065,,,17636,,3830,
18,067,,,3595,,2977,
18,069,,,,,2789,
18,071,,,,10735,1845,
18,073,,,,,2989,
18,075,,,,,2824,
18,077,,,,,3426,
18,079,,,,,2728,
18,081,,1040,3257,,2674,
18,083,,,,,3114,
18,085,,,,,3551,
18,087,,,,,2096,
18,089,,501,6548,3674,3706,
18,091,,,6086,2436,3618,
18,093,,,,,894,
18,095,,,2636,,3434,
18,097,37005,1276,4533,3340,2915,
18,099,,,,,3281,
18,101,,,,,2760,
18,103,,,,,3056,
18,105,,,2211,,1965,
18,107,,,,,2290,
18,109,,,,,1973,
18,111,,,,,3299,
18,113,,,,,3169,
18,115,,,,,4278,
18,117,,,,,1145,
18,119,,,,,2311,
18,121,,,,,4228,
18,123,,,,,1453,
18,125,,,,,2990,
18,127,,3361,5312,3212,3713,
18,129,,,,,4035,
18,131,,,,,2462,
18,133,,,,,2491,
18,135,,,,,2309,
18,137,,,,,2451,
18,139,,,,,3313,
18,141,,1053,4947,2522,3079,
18,143,,,,,4267,
18,145,,,,,3894,
18,147,,,,,2887,
18,149,,,,,4490,
18,151,,,,,1719,
18,153,,,,,3703,
18,155,,,,,4036,
18,157,,,4000,,2636,
18,159,,,,,610,
18,161,,,,,4564,
18,163,,,5173,5012,3271,
18,165,,,,,4378,
18,167,,,4366,17679,4475,
18,169,,,,,2113,
18,171,,,,,4032,
18,173,,,,,3183,
18,175,,,,,2420,
18,177,,,4499,,3921,
18,179,,,,,3295,
18,181,,,,,1303,
18,183,,,,,2648,
19,000,3114,1782,3348,2231,2354,
19,001,,,,,1310,
19,003,,,,,1337,
19,005,,,,,1668,
19,007,,,,,2333,
19,009,,,,,1622,
19,011,,,,,2864,
19,013,,,3187,,2270,
19,015,,,,,2415,
19,017,,,,,2026,
19,019,,,,,1576,
19,021,,,,,1619,
19,023,,,,,2254,
19,025,,,,,2999,
19,027,,,,,2320,
19,029,,,,,2470,
19,031,,,,,2468,
19,033,,,,1292,3444,
19,035,,,,,2766,
19,037,,,,,1331,
19,039,,,,,3883,
19,041,,,,,2242,
19,043,,,,,1993,
19,045,,,,,3038,
19,047,,,,2698,3100,
19,049,,,,,2015,
19,051,,,,,873,
19,053,,,,,1994,
19,055,,,,,2569,
19,057,,,3654,,2640,
19,059,,,,,1787,
19,061,,2475,1331,,6366,
19,063,,,,,2246,
19,065,,,,,1579,
19,067,,,,,3022,
19,069,,,,,1893,
19,071,,,,,1845,
19,073,,,,,2222,
19,075,,,,,1292,
19,077,,,,,1599,
19,079,,,,,3846,
19,081,,,,,2016,
19,083,,,,,1672,
19,085,,,,,1517,
19,087,,,,,1560,
19,089,,,,,2312,
19,091,,,,,1321,
19,093,,,,,2065,
19,095,,,,,2419,
19,097,,,,,3190,
19,099,,,,,1991,
19,101,,,,,2098,
19,103,,,569,,1843,
19,105,,,,,2166,
19,107,,,,,1959,
19,109,,,,,3140,
19,111,,,,,2427,
19,113,,,5392,,3350,
19,115,,,,,1966,
19,117,,,,,2744,
19,119,,,,,1641,
19,121,,,,,2028,
19,123,,,,,2444,
19,125,,,,,1738,
19,127,,,,,2209,
19,129,,,,,2509,
19,131,,,,,2170,
19,133,,,,,2769,
19,135,,,,,2469,
19,137,,,,,3525,
19,139,,,,1860,2169,
19,141,,,,,1122,
19,143,,,,,605,
19,145,,,,,2097,
19,147,,,,,2472,
19,149,,,,,2078,
19,151,,,,,1743,
19,153,,725,2322,1905,1913,
19,155,,,,2072,2546,
19,157,,,,,1367,
19,159,,,,,1265,
19,161,,,,,1618,
19,163,,993,4948,1221,3224,
19,165,,,,,3467,
19,167,,,,,1240,
19,169,,,977,,2151,
19,171,2552,,,,2225,
19,173,,,,,1914,
19,175,,,,,1682,
19,177,,,,,1835,
19,179,,,,3111,2248,
19,181,,,,27273,1989,
19,183,,,,,1454,
19,185,,,,,2543,
19,187,,,,18750,2384,
19,189,,,,,1829,
19,191,,,,,1454,
19,193,,,2878,1031,2203,
19,195,,,,,2467,
19,197,,,,,1179,
20,000,3904,1253,3715,2277,2480,
20,001,,,,,2636,
20,003,,,,,2058,
20,005,,,,,4608,
20,007,,,,,3860,
20,009,,,,928,2839,
20,011,,,,,1782,
20,013,5046,,,,4122,
20,015,,,,,1851,
20,017,,,,,710,
20,019,,,,,2846,
20,021,,,,,3149,
20,023,,,,,2859,
20,025,,,,,1670,
20,027,,,,,3436,
20,029,,,,,2963,
20,031,,,,,1173,
20,033,,,,,2457,
20,035,10024,,,1428,2077,
20,037,,,,,2076,
20,039,,,,,2774,
20,041,,,,,3026,
20,043,,,,,3531,
20,045,752,,348,,1518,
20,047,,,,,1725,
20,049,,,,,2497,
20,051,,,,,2712,
20,053,,,,,3399,
20,055,,,,1881,2656,
20,057,,,,909,2671,
20,059,,,,,2835,
20,061,,,1469,,3088,
20,063,,,,,3806,
20,065,,,,,2876,
20,067,,,,1479,2473,
20,069,,,,,1141,
20,071,,,,,2297,
20,073,,,,,3405,
20,075,,,,,2650,
20,077,,,,,2583,
20,079,,,,,1880,
20,081,,,,,1859,
20,083,,,,,6018,
20,085,3481,,,,1869,
20,087,,,,,2118,
20,089,,,,,3166,
20,091,6105,1478,3219,1605,2178,
20,093,,,,,5342,
20,095,,,,,2938,
20,097,,,,,1544,
20,099,,,,,1758,
20,101,,,,,3129,
20,103,,,727,,2849,
20,105,,,,,5046,
20,107,,,,,2650,
20,109,,,,,4209,
20,111,,,,678,1565,
20,113,,,,,1974,
20,115,,,,,2415,
20,117,,,,,4086,
20,119,,,,,2505,
20,121,,,,,3067,
20,123,,,,,3204,
20,125,,,570,,2021,
20,127,,,,,2842,
20,129,,,,,5262,
20,131,,,,,3993,
20,133,,,,,4312,
20,135,,,,,3739,
20,137,,,,,1817,
20,139,,,,,2326,
20,141,,,,,3662,
20,143,,,,,3184,
20,145,,,,,971,
20,147,,,,,3888,
20,149,,,,,1961,
20,151,,,,,2357,
20,153,,,,,3578,
20,155,,,2024,916,2159,
20,157,,,,,2605,
20,159,,,,,2817,
20,161,,,1887,,1541,
20,163,,,,,2721,
20,165,,,,,2770,
20,167,,,,,5585,
20,169,,,1904,3007,2424,
20,171,,,,,4679,
20,173,2662,556,3592,1831,2054,
20,175,,,3829,3765,2381,
20,177,3834,1729,4421,1981,2769,
20,179,,,,,4075,
20,181,,,,,5070,
20,183,,,,,3117,
20,185,,,,,2184,
20,187,,,,,2386,
20,189,,,,,4525,
20,191,,,,,2235,
20,193,,,,,4460,
20,195,,,,,3664,
20,197,,,,,1427,
20,199,,,,,1796,
20,201,,,,,3633,
20,203,,,,9731,2731,
20,205,,,,,2775,
20,207,,,,,1190,
20,209,,,4973,3782,3747,
21,000,4412,1451,4140,2910,3306,
21,001,,,,,3738,
21,003,,,,,3404,
21,005,,,,,3314,
21,007,,,,,3541,
21,009,,,,,3203,
21,011,,,,,3606,
21,013,,,,,4691,
21,015,,,2912,4512,3496,
21,017,,,2040,,2524,
21,019,,,7788,,5221,
21,021,,,1003,,2889,
21,023,,,,,3151,
21,025,,,,,6668,
21,027,,,,,4058,
21,029,,,,,3293,
21,031,,,,,3218,
21,033,,,,,3559,
21,035,,,,,3097,
21,037,,,,,3781,
21,039,,,,,2152,
21,041,,,,,3815,
21,043,,,,,5025,
21,045,,,,,5993,
21,047,,,4727,7015,3298,
21,049,,,3092,,2973,
21,051,,,,,3953,
21,053,,,,,4518,
21,055,,,,,5983,
21,057,,,,,5747,
21,059,,,1854,,2840,
21,061,,,,,3603,
21,063,,,,,4698,
21,065,,,,,4543,
21,067,,534,3287,3571,2520,
21,069,,,,,3532,
21,071,,,,,5446,
21,073,,,1425,,2825,
21,075,,,4123,,4222,
21,077,,,,,3635,
21,079,,,,,2840,
21,081,,,,,2742,
21,083,,,11568,,5087,
21,085,,,,,3727,
21,087,,,,,2271,
21,089,,,,,4496,
21,091,,,,,3032,
21,093,,,2627,,3092,
21,095,,,,,5613,
21,097,,,,,2171,
21,099,,,,,3040,
21,101,,,4843,,3941,
21,103,,,7037,,2692,
21,105,,,15000,,5105,
21,107,,,3976,,3282,
21,109,,,,,3614,
21,111,,690,4330,2528,2748,
21,113,,,4748,,2154,
21,115,,,,,5498,
21,117,,,5427,,3524,
21,119,,,,,4218,
21,121,,,,,3333,
21,123,,,,,2465,
21,125,,,,,3546,
21,127,,,,,4299,
21,129,,,,,4025,
21,131,,,,,4310,
21,133,,,,,8839,
21,135,,,,,4215,
21,137,,,,,2935,
21,139,,,,,4453,
21,141,,,3501,,3198,
21,143,,,,,2040,
21,145,,,3054,,3288,
21,147,,,,,3330,
21,149,,,,,4295,
21,151,,,3427,,2520,
21,153,,,,,4333,
21,155,,,6268,,2638,
21,157,,,,,2785,
21,159,,,,,5255,
21,161,,,1768,,2421,
21,163,,,,,2769,
21,165,,,,,4394,
21,167,,,,,2919,
21,169,,,,,3016,
21,171,,,,,8843,
21,173,,,,,3021,
21,175,,,,,2895,
21,177,,,,,3991,
21,179,,,561,,2874,
21,181,,,,,2212,
21,183,,,,,4297,
21,185,,,,,2188,
21,187,,,,,2386,
21,189,,,,,5842,
21,191,,,,,3279,
21,193,,,12995,,4970,
21,195,,,,,5167,
21,197,,,,,2814,
21,199,,,,,2738,
21,201,,,,,1293,
21,203,,,,,4154,
21,205,,,,,4285,
21,207,,,,,2654,
21,209,,,2533,,2201,
21,211,,,613,,2681,
21,213,,,,,3373,
21,215,,,,,2093,
21,217,,,,,3402,
21,219,,,,,2744,
21,221,,,5012,,2118,
21,223,,,,,3961,
21,225,,,6111,,5499,
21,227,,1877,5295,,3179,
21,229,,,,,3801,
21,231,,,,,2537,
21,233,,,,,4728,
21,235,,,,,2974,
21,237,,,,,5691,
21,239,,,,,2213,
22,000,6331,1842,4638,3021,3104,
22,001,,,4737,,3250,
22,003,,,3890,,3263,
22,005,,,3123,1962,2242,
22,007,,,4414,,3119,
22,009,,,4878,,4174,
22,011,,,4509,,2907,
22,013,,,3492,,3502,
22,015,,,4825,1131,4549,
22,017,,1978,5013,,4137,
22,019,,,4256,3170,2459,
22,021,,,6147,,5839,
22,023,,,,,1340,
22,025,,,1885,,2698,
22,027,,,7448,,5871,
22,029,,,4081,,3922,
22,031,,,3387,21429,3540,
22,033,,848,3792,466,1627,
22,035,,,10083,,5155,
22,037,,,3205,,2681,
22,039,,,6778,,5008,
22,041,,,6776,,4666,
22,043,,,2094,,3106,
22,045,,,4807,,2363,
22,047,,,4416,,2185,
22,049,,,5521,,3965,
22,051,,896,4400,2731,2948,
22,053,20000,,5605,,4082,
22,055,,2626,5591,4453,2339,
22,057,,,1981,,2614,
22,059,,,2653,,4619,
22,061,,,5704,,2907,
22,063,,,3880,6014,2800,
22,065,,,3531,,3085,
22,067,,,4094,,2713,
22,069,,,4345,,2367,
22,071,,1236,4116,2252,2141,
22,073,,,5655,,3221,
22,075,,,6321,,1803,
22,077,,,1980,,3284,
22,079,,,4586,,2650,
22,081,,,7993,,6250,
22,083,,,4700,,5668,
22,085,,,545,,3158,
22,087,,,1954,2031,2470,
22,089,,,5066,,2544,
22,091,,,4605,,4117,
22,093,,,3642,,2164,
22,095,,,5503,,2651,
22,097,,15000,3941,,3338,
22,099,,,4247,,2811,
22,101,,,1488,3722,2988,
22,103,,,6581,4355,3009,
22,105,,,6171,,4117,
22,107,,,2975,,2679,
22,109,5012,,5038,,3362,
22,111,,,4861,,3718,
22,113,,,3529,,2585,
22,115,,,5044,,4300,
22,117,,,6515,,4383,
22,119,,,5390,,3221,
22,121,,,3486,,1941,
22,123,,,5569,,6791,
22,125,,,,,1463,
22,127,,,5215,,5593,
23,000,4571,801,2690,4082,1968,
23,001,,,,,2008,
23,003,,,,5900,2331,
23,005,,945,1594,3829,1646,
23,007,,,,,1667,
23,009,,,,,1621,
23,011,,,,,1894,
23,013,,,,,1385,
23,015,,,,,1639,
23,017,,,,,1596,
23,019,3198,,,,2817,
23,021,,,,,2239,
23,023,,,,,1710,
23,025,,,,,1725,
23,027,,,,,2097,
23,029,5139,,,,1894,
23,031,,,,,2197,
24,000,3177,1214,3536,2186,2251,
24,001,,,3335,,2841,
24,003,,1662,3569,2682,2505,
24,005,,1531,3806,3215,2542,
24,009,,,2637,2404,2019,
24,011,,,2304,,1783,
24,013,,587,3572,,2727,
24,015,,,5031,5398,4095,
24,017,,,2934,919,1690,
24,019,,,1796,,1182,
24,021,,783,3544,1677,2032,
24,023,,,,,2508,
24,025,,1782,3738,3392,2365,
24,027,,649,3049,,1635,
24,029,,,415,,959,
24,031,,1022,2309,1798,1337,
24,033,,1598,3300,2273,2340,
24,035,,,2943,,1898,
24,037,,,4880,1451,2945,
24,039,,,2646,,1047,
24,041,,,1915,,1004,
24,043,,,3905,2237,3086,
24,045,,,2213,,1541,
24,047,,,2955,,2712,
24,510,,1331,4847,3697,2832,
25,000,2154,1844,4539,4609,3122,
25,001,2365,1577,4786,2517,2331,
25,003,,4684,2164,,2293,
25,005,,2786,5604,5085,3677,
25,007,,,5278,,2271,
25,009,,2311,5103,4579,3190,
25,011,,,1456,,3182,
25,013,,850,5531,6532,3782,
25,015,,,2849,1906,2653,
25,017,,1902,3483,4149,2944,
25,019,,,,,2520,
25,021,,1326,4003,2938,3076,
25,023,,1968,3885,5390,3431,
25,025,,1848,5023,4194,3494,
25,027,,1569,4827,4484,3201,
26,000,3214,2411,6110,3892,2949,
26,001,,,,,1953,
26,003,,,,,2278,
26,005,,,1723,971,2299,
26,007,,,,,1795,
26,009,,,,,2329,
26,011,,,,,2842,
26,013,,,,,913,
26,015,,,,,2306,
26,017,,,6444,772,3590,
26,019,,,,,2277,
26,021,,,2984,,2093,
26,023,,12870,,,3491,
26,025,,2897,3735,2464,2618,
26,027,,,4482,,3059,
26,029,,,,,1955,
26,031,,,,,2461,
26,033,3101,,,,2642,
26,035,,,,,3238,
26,037,,,,,1978,
26,039,,,,,2184,
26,041,,,,,1811,
26,043,,,,,1541,
26,045,,,,,2478,
26,047,7653,,,,1733,
26,049,,1883,5341,2961,3356,
26,051,,,,,2327,
26,053,,,,,2085,
26,055,,,,,2168,
26,057,,,,,2934,
26,059,,,,,2636,
26,061,,,,,2025,
26,063,,,,,1923,
26,065,,1751,5408,528,2652,
26,067,,,,,2690,
26,069,,,,,2018,
26,071,,,,,1617,
26,073,2506,,,,2235,
26,075,,,6070,3222,2967,
26,077,,1117,5120,1221,2399,
26,079,,,,,2625,
26,081,,1075,3392,3141,1977,
26,083,,,,,2280,
26,085,,,,,1754,
26,087,,,,,3253,
26,089,3640,,,,2209,
26,091,,,1547,6698,2919,
26,093,,,,,2833,
26,095,,,,,2380,
26,097,,,,,1282,
26,099,,4634,8036,4261,3889,
26,101,,,,,2316,
26,103,,,,,2318,
26,105,,,,,2587,
26,107,,,,,1669,
26,109,,,,,2883,
26,111,,,977,,2494,
26,113,,,,,2438,
26,115,,,15056,1811,3669,
26,117,,,,6444,2682,
26,119,,,,,1753,
26,121,,,4244,2714,2479,
26,123,,,,,2288,
26,125,1338,1525,5507,6658,3189,
26,127,,,,,1827,
26,129,,,,,2349,
26,131,,,,,987,
26,133,,,,,1974,
26,135,,,,,2694,
26,137,,,,,2146,
26,139,,969,4730,1690,2024,
26,141,,,,,2321,
26,143,,,,,2699,
26,145,,,5872,4391,2509,
26,147,,,2907,,3681,
26,149,,,1547,,2716,
26,151,,,,,3148,
26,153,,,,,1585,
26,155,,,,10024,3386,
26,157,,,,,2826,
26,159,,,3942,3153,2920,
26,161,,1925,5044,1480,2702,
26,163,,2665,6921,4446,4060,
26,165,,,,,2310,
27,000,4495,1829,3801,2398,2181,
27,001,,,,,3826,
27,003,,853,1148,,2117,
27,005,2867,,,,2135,
27,007,5799,,,,2352,
27,009,,,,,2440,
27,011,,,,,430,
27,013,,,,,2016,
27,015,,,,,1667,
27,017,7288,,,,3741,
27,019,,,13717,,2559,
27,021,4049,,,,1675,
27,023,,,,,1334,
27,025,,,,,1863,
27,027,12344,,1646,1154,2826,
27,029,,,,,1233,
27,031,,,,,2158,
27,033,,,,,1829,
27,035,,,,,1754,
27,037,6444,1426,2560,2716,1965,
27,039,,,,,2598,
27,041,,,,,1578,
27,043,,,,,1123,
27,045,,,,,1865,
27,047,,,,,2085,
27,049,,,,,3698,
27,051,,,,,1841,
27,053,1622,1410,4321,1665,1974,
27,055,,,,,1567,
27,057,,,,,2005,
27,059,,,,,2283,
27,061,,,,,3376,
27,063,,,,,1468,
27,065,,,,,4747,
27,067,,,,502,1410,
27,069,,,,,1256,
27,071,,,,,1708,
27,073,,,,,2614,
27,075,,,,,4229,
27,077,,,,,1678,
27,079,,,,,4605,
27,081,,,,,2309,
27,083,,,,,1127,
27,085,,,,,4711,
27,087,1576,,,,,
27,089,,,,,2482,
27,091,,,,,1835,
27,093,,,,,6336,
27,095,13087,,,,4346,
27,097,,,,,1929,
27,099,,,,,2596,
27,101,,,,,1503,
27,103,,,,,2352,
27,105,,,,,1975,
27,107,,,,,1862,
27,109,,1675,987,3270,2142,
27,111,,,,,1574,
27,113,,,,,936,
27,115,,,,,3631,
27,117,,,,,2345,
27,119,,,25000,,1433,
27,121,,,,,2342,
27,123,675,2469,3641,2916,2142,
27,125,,,,,,
27,127,,,54545,,1739,
27,129,,,,,1649,
27,131,,,,3083,3336,
27,133,,,,,2463,
27,135,,,,,1471,
27,137,2558,,3447,,3855,
27,139,,,3488,5783,2343,
27,141,,,,,2252,
27,143,,,,,5591,
27,145,,,3034,3453,1724,
27,147,,,1659,,1690,
27,149,,,,,3432,
27,151,,,,,1423,
27,153,,,,,2419,
27,155,,,,,1567,
27,157,,,,,1702,
27,159,,,,,1587,
27,161,,,,,1916,
27,163,,,,,1815,
27,165,,,,,2144,
27,167,,,,,1894,
27,169,,,,,2159,
27,171,,,,,2131,
27,173,,,,,2288,
28,000,11859,3003,4435,2588,3044,
28,001,,,4903,,3629,
28,003,,,8581,,3408,
28,005,,,4563,,3270,
28,007,,,740,,1364,
28,009,,,3332,,2517,
28,011,,,4364,,4427,
28,013,,,3732,,2135,
28,015,,,1985,,2084,
28,017,,,2213,,2055,
28,019,,,2945,,2863,
28,021,,,12564,,3588,
28,023,,,3887,,2369,
28,025,,,2735,,2216,
28,027,,,4710,,1590,
28,029,,,4654,,2267,
28,031,,,5316,,4044,
28,033,,1576,4017,3243,3219,
28,035,,,5128,,3180,
28,037,,,,,2617,
28,039,,,3771,,4024,
28,041,,,7215,,3210,
28,043,,,3419,,2846,
28,045,,,1043,,2955,
28,047,,2908,5324,519,3646,
28,049,,2526,4283,,2665,
28,051,,,2684,,702,
28,053,,,1946,,1696,
28,055,,,,,,
28,057,,,3083,,2766,
28,059,,,4934,3956,2987,
28,061,,,6168,,3576,
28,063,,,5661,,907,
28,065,,,4790,,3972,
28,067,,,5035,,4715,
28,069,,,3129,,3267,
28,071,,,7331,,2953,
28,073,,,5836,,2771,
28,075,,,5255,,3311,
28,077,,,5084,,6055,
28,079,17915,,5062,,2331,
28,081,,6056,2799,,2682,
28,083,,,4353,,1745,
28,085,,,5200,,2730,
28,087,,5796,2607,,1888,
28,089,,,3388,,1871,
28,091,,,6180,,3696,
28,093,,,5169,,3329,
28,095,,,4144,,2832,
28,097,,,5201,,4237,
28,099,12243,,3958,,3311,
28,101,2357,,4149,,3465,
28,103,,,5560,,1738,
28,105,,,2090,,1503,
28,107,,,7021,,3363,
28,109,,,4691,,2620,
28,111,,,1226,,2650,
28,113,,,6628,,2979,
28,115,,,552,,2655,
28,117,,,5796,,2902,
28,119,,,1416,,2695,
28,121,,,4115,,2837,
28,123,,,4613,,3231,
28,125,,,3020,,1740,
28,127,,,5776,,5195,
28,129,,,3607,,3724,
28,131,,,5863,,3398,
28,133,,,3746,,3436,
28,135,,,3200,,3662,
28,137,,,3453,,3833,
28,139,,,276,,3328,
28,141,,,,,3315,
28,143,,,4698,,2643,
28,145,,,1336,,2743,
28,147,,,3694,,3306,
28,149,,,4583,,2344,
28,151,,,3883,,2569,
28,153,,,4591,,5175,
28,155,,,,,3601,
28,157,,,6562,,696,
28,159,,,3908,,2792,
28,161,,,9326,,5691,
28,163,,,3432,,2468,
29,000,3764,1850,4820,3021,2810,
29,001,,,,,2235,
29,003,,,,,2536,
29,005,,,,,6230,
29,007,,,1067,,3065,
29,009,,,,,2428,
29,011,,,,,3179,
29,013,,,,,3114,
29,015,,,,,2391,
29,017,,,,,1820,
29,019,,2197,4605,,2129,
29,021,,,1700,1801,2976,
29,023,,,7125,,3232,
29,025,,,,,3361,
29,027,,,394,,2756,
29,029,,,,,1701,
29,031,,,1734,,2042,
29,033,,,,,2822,
29,035,,,,,3827,
29,037,,,6823,,2632,
29,039,,,,,1899,
29,041,,,,,2547,
29,043,,,,,2786,
29,045,,,,,3054,
29,047,,,3081,,3204,
29,049,,,,,3359,
29,051,,,1656,,2389,
29,053,,,,,2933,
29,055,,,,,3104,
29,057,,,,,1543,
29,059,,,,,1959,
29,061,,,,,2188,
29,063,,,,,2408,
29,065,,,,,4344,
29,067,,,,,2080,
29,069,,,2662,3933,4347,
29,071,,,6392,,3136,
29,073,,,,,3113,
29,075,,,,,1385,
29,077,,1554,1130,,2518,
29,079,,,,,1395,
29,081,,,,,561,
29,083,,,,,1376,
29,085,,,,,715,
29,087,,,,,4148,
29,089,,,,,2697,
29,091,,,,,2767,
29,093,,,,,3395,
29,095,1198,2972,4763,4754,3045,
29,097,1554,,,3855,3048,
29,099,,,5150,7778,3082,
29,101,,,,,3750,
29,103,,,,,2799,
29,105,,,,,2258,
29,107,,,3051,,3639,
29,109,,,,,2678,
29,111,,,,,3517,
29,113,,,,,3677,
29,115,,,,,3156,
29,117,,,,,1979,
29,119,,,,,4265,
29,121,,,,,2625,
29,123,,,,,3946,
29,125,,,,,3838,
29,127,,,1362,,3712,
29,129,,,,,2877,
29,131,,,,,2028,
29,133,,,755,,3376,
29,135,,,,,2218,
29,137,,,,,3566,
29,139,,,,,2243,
29,141,,,,,2134,
29,143,,,428,,3585,
29,145,,,,,2921,
29,147,,,,,1903,
29,149,,,,,3892,
29,151,,,,,3273,
29,153,,,,,3113,
29,155,,,5945,,6120,
29,157,,,,,3813,
29,159,,,825,,3930,
29,161,,,27318,,3621,
29,163,,,,,3022,
29,165,,,3975,3436,3142,
29,167,,,,,1851,
29,169,,,1768,,3231,
29,171,,,,,3212,
29,173,,,,,2711,
29,175,,,,,2948,
29,177,,,,,3326,
29,179,,,,,2679,
29,181,,,,,3698,
29,183,,1289,3792,662,2748,
29,185,,,,,1541,
29,186,,,,,4496,
29,187,,,2321,,3199,
29,189,,1490,4808,2990,2422,
29,195,,,2813,,3130,
29,197,,,,,1840,
29,199,,,,,3374,
29,201,,,2780,,3258,
29,203,,,,,3205,
29,205,,,,,2310,
29,207,,,,,3138,
29,209,,,,,2171,
29,211,,,,,2967,
29,213,,,,,2567,
29,215,,,,,2959,
29,217,,,,,2464,
29,219,,,,,2692,
29,221,,,,,4977,
29,223,,,,,2521,
29,225,,,,,2303,
29,227,,,,,1366,
29,229,,,,,2569,
29,510,,3004,6199,4231,2565,
30,000,3811,1625,2595,1517,1695,
30,001,,,,,135,
30,003,5146,,,,2781,
30,005,,,,,1194,
30,007,,,,,1884,
30,009,,,,,1308,
30,011,,,,,,
30,013,4456,,6673,,2079,
30,015,,,,,723,
30,017,,,,,2343,
30,019,,,,,1978,
30,021,,,,,2486,
30,023,,,,,2631,
30,025,,,,,2976,
30,027,,,,,1399,
30,029,1996,,,,1549,
30,031,,,,,1508,
30,033,,,,,3683,
30,035,3125,,,,968,
30,037,,,,,,
30,039,,,,,1070,
30,041,4546,,,,1565,
30,043,,,,,921,
30,045,,,,,,
30,047,4159,,,,1341,
30,049,,,,,1996,
30,051,,,,,1812,
30,053,,,,,1416,
30,055,,,,,1465,
30,057,,,,,1394,
30,059,,,,,1709,
30,061,,,,,2347,
30,063,613,,,,1581,
30,065,,,,,945,
30,067,,,,,1936,
30,069,,,,,,
30,071,,,,,2473,
30,073,5307,,,,979,
30,075,,,,,,
30,077,,,,,2426,
30,079,,,,,,
30,081,,,,,943,
30,083,,,,,991,
30,085,4361,,,,1922,
30,087,8297,,,,1746,
30,089,,,,,1290,
30,091,,,,,2828,
30,093,,,,,1372,
30,095,,,,,888,
30,097,,,,,2756,
30,099,,,,,1103,
30,101,,,,,1268,
30,103,,,,,,
30,105,1031,,,,1869,
30,107,,,,,554,
30,109,,,,,1988,
30,111,2935,,,735,2151,
31,000,4102,1597,3125,2056,2201,
31,001,,,,,1851,
31,003,,,,,3611,
31,005,,,,,2329,
31,007,,,,,,
31,009,,,,,,
31,011,,,,,5343,
31,013,,,,,550,
31,015,,,,,3168,
31,017,,,,,2424,
31,019,,,,,2322,
31,021,,,,,1144,
31,023,,,,,2044,
31,025,,,,,2564,
31,027,,,,,2400,
31,029,,,,,2344,
31,031,,,,,1334,
31,033,,,,,1219,
31,035,,,,,1575,
31,037,,,,,1466,
31,039,,,,,2671,
31,041,,,,,3400,
31,043,,,,,2332,
31,045,,,,,1799,
31,047,,,,884,2775,
31,049,,,,,2262,
31,051,38462,,,,2403,
31,053,,,,,2370,
31,055,952,1411,2972,1921,1986,
31,057,,,,,5948,
31,059,,,,,1439,
31,061,,,,,947,
31,063,,,,,2074,
31,065,,,,,3045,
31,067,,,,,1115,
31,069,,,,,4579,
31,071,,,,,3159,
31,073,,,,,1118,
31,075,,,,,,
31,077,,,,,1646,
31,079,,,,1540,2625,
31,081,,,,,2589,
31,083,,,,,1593,
31,085,,,,,,
31,087,,,,,2764,
31,089,,,,,3792,
31,091,,,,,,
31,093,,,,,1666,
31,095,,,,,1153,
31,097,,,,,2964,
31,099,,,,,1352,
31,101,,,,,1975,
31,103,,,,,,
31,105,,,,,2953,
31,107,5116,,,,2817,
31,109,,388,5632,1546,1609,
31,111,,,,3084,4144,
31,113,,,,,,
31,115,,,,,,
31,117,,,,,,
31,119,,,,743,2267,
31,121,,,,,2088,
31,123,,,,,1672,
31,125,,,,,2288,
31,127,,,,,1995,
31,129,,,,,4246,
31,131,,,,,1673,
31,133,,,,,1021,
31,135,,,,,,
31,137,,,,,2655,
31,139,,,,,2245,
31,141,,,,,2417,
31,143,,,,,2544,
31,145,,,,,3041,
31,147,,,,,4073,
31,149,,,,,1357,
31,151,,,,,999,
31,153,,1674,1932,604,2367,
31,155,,,,,1556,
31,157,,,,2616,2769,
31,159,,,,,2582,
31,161,,,,,2395,
31,163,,,,,2216,
31,165,,,,,2054,
31,167,,,,,1771,
31,169,,,,,3042,
31,171,,,,,,
31,173,3850,,,,2983,
31,175,,,,,3212,
31,177,,,,,1446,
31,179,,,,,1585,
31,181,,,,,2124,
31,183,,,,,,
31,185,,,,,1949,
32,000,3222,1952,5557,2957,2548,
32,001,1920,,,,2608,
32,003,3834,1973,5740,3216,2788,
32,005,,,,,1238,
32,007,3559,,,2161,2735,
32,009,,,,,,
32,011,,,,,1085,
32,013,4514,,,,2908,
32,015,,,,,1628,
32,017,,,609,,3206,
32,019,,,,544,2516,
32,021,,,,,1590,
32,023,3677,1404,6679,3268,3071,
32,027,,,,,1756,
32,029,,,,,889,
32,031,2617,1747,3242,2373,2182,
32,033,,,,,1288,
32,510,1451,,,2622,2460,
33,000,6014,1791,2560,3689,2337,
33,001,,,,,2103,
33,003,,,,,1678,
33,005,,,,,1898,
33,007,,,,,1941,
33,009,,,,,1904,
33,011,,1308,1926,3887,2679,
33,013,,2813,2063,1154,2180,
33,015,,1758,,606,2449,
33,017,,,,5728,2681,
33,019,,,,,2172,
34,000,,1612,4612,3095,2853,
34,001,,2173,4987,3601,2764,
34,003,,1333,4706,2046,2091,
34,005,,2207,4720,2701,3518,
34,007,,1573,5712,6906,3881,
34,009,,3321,3494,4636,2863,
34,011,,,3636,3585,3081,
34,013,,1434,4593,3271,2297,
34,015,,1428,4119,3897,3575,
34,017,,1894,5686,3248,3689,
34,019,,,3545,2372,2531,
34,021,,1537,5069,3994,2623,
34,023,,1719,3552,2838,2951,
34,025,,1864,5878,2894,2933,
34,027,,909,3855,2545,2177,
34,029,,2203,4747,4410,3432,
34,031,,1885,4199,2490,2239,
34,033,,5473,6398,4229,3697,
34,035,,1169,4014,3685,2221,
34,037,,3995,1819,2945,2712,
34,039,,1551,3686,2348,2207,
34,041,,,1402,5878,3659,
35,000,3339,1747,2277,2132,1758,
35,001,2265,681,1535,2159,1618,
35,003,,,,,860,
35,005,,,,2952,3447,
35,006,3403,,,3451,1367,
35,007,,,,1085,1953,
35,009,,,1396,2393,2221,
35,011,,,,,,
35,013,,2446,1405,2585,1796,
35,015,,,6991,2377,2750,
35,017,,,,2176,1508,
35,019,,,,3757,,
35,021,,,,,,
35,023,,,,,719,
35,025,,,4925,2330,2577,
35,027,,,,2257,1539,
35,028,,,,,1147,
35,029,,,,2603,1737,
35,031,3290,,,1717,1156,
35,033,,,,2206,,
35,035,4488,4707,1091,2432,2128,
35,037,,,,1263,1588,
35,039,3574,,,1690,2177,
35,041,,,,,2214,
35,043,3020,,1711,1803,1479,
35,045,4152,,,3011,2085,
35,047,,,,1713,2158,
35,049,935,,,1330,1114,
35,051,,,,3275,1643,
35,053,,,,1518,423,
35,055,,,,1119,1041,
35,057,,,,2176,1299,
35,059,,,,1293,1829,
35,061,1484,,,2059,1852,
36,000,4378,1800,3909,3195,2397,
36,001,,1986,3574,2210,2217,
36,003,,,,,2513,
36,005,2042,2936,4000,4032,2451,
36,007,,959,2820,,2755,
36,009,,,,,3686,
36,011,,,,12995,3481,
36,013,,,6554,1484,2310,
36,015,,,6754,,4132,
36,017,,,,,2728,
36,019,,,,,2812,
36,021,,,3858,,1963,
36,023,,,3868,,3492,
36,025,,,8567,,1824,
36,027,,1559,3804,4118,2478,
36,029,9478,2281,4516,4440,2357,
36,031,,,,,1975,
36,033,3006,,,,2928,
36,035,,,,1913,3236,
36,037,11289,,714,1967,3146,
36,039,,,3385,,2380,
36,041,,,,,1629,
36,043,,,,,2601,
36,045,,,10024,,2922,
36,047,6906,2069,3784,3895,2474,
36,049,,,,,3043,
36,051,,,,,2569,
36,053,,,,,2151,
36,055,,1453,5907,4055,2388,
36,057,,,,,2808,
36,059,,1970,3844,2440,2215,
36,061,,1185,4077,3239,1373,
36,063,,,5091,2511,2218,
36,065,,894,5137,1427,2509,
36,067,3489,1167,4817,1240,2420,
36,069,,,5527,6331,2316,
36,071,,2561,4274,3904,3147,
36,073,,,,,2129,
36,075,,,,,3283,
36,077,,,5353,,2317,
36,079,,,770,583,2405,
36,081,1813,2069,3527,2378,2461,
36,083,,,2724,7637,2158,
36,085,,740,3609,2568,2589,
36,087,,1722,3400,3006,2682,
36,089,3399,,,,2977,
36,091,,,,1586,2406,
36,093,,,2391,,2193,
36,095,,,,,2412,
36,097,,,,,2679,
36,099,,,,,3243,
36,101,,,,,2220,
36,103,1920,1818,4410,3123,2606,
36,105,,,7356,3855,2869,
36,107,,,12995,,3163,
36,109,,1099,1739,,1588,
36,111,,969,4457,3126,2540,
36,113,,,,,2626,
36,115,,,,,2508,
36,117,,,8512,836,3560,
36,119,,1334,3626,2601,2045,
36,121,,,,,3402,
36,123,,,,,2044,
37,000,4217,1702,3745,2346,2476,
37,001,,1576,3633,1696,2499,
37,003,,,3198,,2958,
37,005,,,,,2220,
37,007,,,3664,,2667,
37,009,,,,,2225,
37,011,,,,,1723,
37,013,,,4628,,2709,
37,015,,,3453,,2897,
37,017,,,3578,,3776,
37,019,,2710,3901,2931,2222,
37,021,,,3117,,1848,
37,023,,,2270,,1861,
37,025,,1005,4835,2824,3843,
37,027,,,441,3919,2692,
37,029,,,5280,,3008,
37,031,,,2710,,2578,
37,033,,,2446,,1626,
37,035,,3480,2880,,2327,
37,037,,,2848,,1496,
37,039,,,,,1806,
37,041,,,999,,2344,
37,043,,,,,2214,
37,045,,,3639,,3479,
37,047,,,5184,,3769,
37,049,,,3298,1961,2338,
37,051,3619,2056,3323,2611,3019,
37,053,,,2947,,3378,
37,055,,,,,1469,
37,057,,,5011,,3113,
37,059,,,3266,2606,2142,
37,061,,,2756,2302,3198,
37,063,,658,3531,1003,1721,
37,065,,,3296,,2882,
37,067,,2814,4361,2722,2346,
37,069,,,3567,,3137,
37,071,,,5076,1327,3655,
37,073,,,3525,,2806,
37,075,,,,,1953,
37,077,,,2595,,2913,
37,079,,,1613,,2818,
37,081,,1432,3353,1418,2150,
37,083,5078,,3556,,3234,
37,085,,,7029,1202,3538,
37,087,,,,,2420,
37,089,,,3721,879,1260,
37,091,,,3751,,2356,
37,093,,,4034,743,3398,
37,095,,,,,2484,
37,097,,,6632,1623,2679,
37,099,5677,,,,1725,
37,101,,,3300,4264,3800,
37,103,,,2627,,3342,
37,105,,,4815,1429,2692,
37,107,,8849,4354,5687,2663,
37,109,,,574,4826,2883,
37,111,,,,,2207,
37,113,,,,,1954,
37,115,,,,,2219,
37,117,,,5110,,3495,
37,119,,1872,3675,1964,1997,
37,121,,,,,2258,
37,123,,,2763,,3597,
37,125,,,4343,3487,2278,
37,127,,,4056,,3752,
37,129,,,3658,,1978,
37,131,,,3775,,2451,
37,133,,,2019,266,2582,
37,135,,,2036,,1250,
37,137,,,2749,,2031,
37,139,,,2510,15152,2954,
37,141,,,2818,,1863,
37,143,,,2383,,2188,
37,145,,,2777,,2726,
37,147,,,5281,,2708,
37,149,,,,,1708,
37,151,,,4218,894,3211,
37,153,,,4169,,3692,
37,155,5729,,5448,,5004,
37,157,,,3295,,2865,
37,159,,3062,2957,1021,2762,
37,161,,,4121,,2296,
37,163,,,4239,,2832,
37,165,,,5059,,4543,
37,167,,,1631,,4211,
37,169,,,,,3699,
37,171,,25000,,2079,3115,
37,173,4342,,,,1796,
37,175,,,,,1699,
37,177,,,2331,,1475,
37,179,,,4640,2754,3014,
37,181,,,3962,,2547,
37,183,,1461,3709,1897,2185,
37,185,3540,,2099,,2461,
37,187,,,2354,,3557,
37,189,,,,,1856,
37,191,,,3665,,3233,
37,193,,,1787,,2231,
37,195,,,3976,,2968,
37,197,,,,,2681,
37,199,,,,,1995,
38,000,5621,3460,4874,2891,2819,
38,001,,,,,1464,
38,003,,,,,2196,
38,005,5009,,,,1450,
38,007,,,,,3128,
38,009,,,,,2605,
38,011,,,,,3061,
38,013,,,,,4091,
38,015,9766,,,,3020,
38,017,4181,2720,5363,619,3075,
38,019,,,,,2630,
38,021,,,,,3170,
38,023,,,,,4009,
38,025,,,,,1662,
38,027,,,,,1280,
38,029,,,,,5000,
38,031,,,,,2146,
38,033,,,,,2346,
38,035,627,,10571,,2562,
38,037,,,,,8531,
38,039,,,,,2891,
38,041,,,,,3179,
38,043,,,,,3004,
38,045,,,,,2171,
38,047,,,,,938,
38,049,,,,,3127,
38,051,,,,,6646,
38,053,,,,,1546,
38,055,,,,,2854,
38,057,,,,,1861,
38,059,2063,,,,3083,
38,061,5742,,,,1592,
38,063,,,,,2848,
38,065,,,,,2023,
38,067,,,,,3620,
38,069,,,,,3526,
38,071,7989,,,,2563,
38,073,,,,,2755,
38,075,,,,,3056,
38,077,,,,,2672,
38,079,6090,,,,2931,
38,081,,,,,2432,
38,083,,,,,,
38,085,890,,,,,
38,087,,,,,,
38,089,,,,,2020,
38,091,,,,,2894,
38,093,,,,,1318,
38,095,,,,,3541,
38,097,,,,,1571,
38,099,,,,2184,3881,
38,101,427,,3488,,2494,
38,103,,,,,1727,
38,105,7604,,,,2778,
39,000,3120,1632,4618,3484,2914,
39,001,,,,,4244,
39,003,,,7019,,3358,
39,005,,,,,3141,
39,007,,,4239,4140,3816,
39,009,,,1324,,2528,
39,011,,,,,3497,
39,013,,,7144,,4640,
39,015,,,,,3826,
39,017,,1282,4425,7867,3505,
39,019,,,,,3236,
39,021,,,,,2725,
39,023,,,3964,,2830,
39,025,,,,,3114,
39,027,,,,,2781,
39,029,,,,,3217,
39,031,,,,,3014,
39,033,,,,,1924,
39,035,,1614,5358,3800,3114,
39,037,,,,,2295,
39,039,,,,2353,3399,
39,041,,,3130,,1558,
39,043,,,5041,,2719,
39,045,,,566,,2506,
39,047,,,3014,,2763,
39,049,,1287,3868,2086,2234,
39,051,,,,,1251,
39,053,,,2912,,2920,
39,055,,,,,2538,
39,057,,2520,2438,,2539,
39,059,,,,,2831,
39,061,,2122,4573,2036,2774,
39,063,,,,2656,2477,
39,065,,,,,3528,
39,067,,,,,5113,
39,069,,,,,3008,
39,071,,,,,2360,
39,073,,,,,2816,
39,075,,,,,903,
39,077,,,,,3102,
39,079,,,,,2770,
39,081,,,1734,,4246,
39,083,,,,,3458,
39,085,,,3901,,3149,
39,087,,,2349,,4583,
39,089,,,3710,,3004,
39,091,,,4396,,2800,
39,093,,,5221,5003,3326,
39,095,,2528,5132,3575,3303,
39,097,,,4933,,2453,
39,099,,,7033,3329,3315,
39,101,,,3299,,3686,
39,103,,,1523,,2491,
39,105,,,,,2980,
39,107,,,,,3625,
39,109,,,4951,3793,2875,
39,111,,,,,2185,
39,113,,2260,3738,,3219,
39,115,,,,,2643,
39,117,,,,,2537,
39,119,,,6052,,2945,
39,121,,,,,2765,
39,123,,,,,2824,
39,125,,,,,3638,
39,127,,,,,3137,
39,129,,,,,2507,
39,131,,,,,1904,
39,133,,,884,,2584,
39,135,,,,,2963,
39,137,,,,,2274,
39,139,,,2641,,2812,
39,141,,,,,1923,
39,143,,,2365,2731,2785,
39,145,,,6641,,4287,
39,147,,,,,3015,
39,149,,,,,3225,
39,151,,1386,3655,,2668,
39,153,,1102,5125,,2506,
39,155,,,3056,,3333,
39,157,,,8664,,2643,
39,159,,,,,2446,
39,161,,,,,2166,
39,163,,,,,1847,
39,165,,,2235,,2872,
39,167,,,3350,,2641,
39,169,,4476,,,2276,
39,171,,,,,2439,
39,173,,,5139,2010,3174,
39,175,,,,,2666,
40,000,4401,1684,4401,2749,2811,
40,001,4336,,,,4730,
40,003,,,,,1105,
40,005,2416,,,,7326,
40,007,,,,,4461,
40,009,,,,,2627,
40,011,,,,,1754,
40,013,7987,,3536,2210,7067,
40,015,5197,,,4666,3471,
40,017,1817,,545,1226,2251,
40,019,4343,,4918,3248,3028,
40,021,4843,,,,3295,
40,023,4798,,12266,,7020,
40,025,,,,,7138,
40,027,3045,,3229,1171,1911,
40,029,7291,,,,7934,
40,031,6431,2072,6398,3588,4263,
40,033,,,,,3028,
40,035,2766,,,,2836,
40,037,3984,,900,1160,3148,
40,039,4182,,,,2619,
40,041,4439,,,,2533,
40,043,,,,,3290,
40,045,,,,,1022,
40,047,,,2142,,2922,
40,049,4451,,,,2022,
40,051,2006,,,,2207,
40,053,,,,,2562,
40,055,,,,,4563,
40,057,,,,,3554,
40,059,,,,,1511,
40,061,8806,,,,4114,
40,063,3203,,,,2720,
40,065,,,3473,1648,2400,
40,067,,,,,2981,
40,069,6324,,,,5072,
40,071,2886,,,,2381,
40,073,,,,,2646,
40,075,,,,,3982,
40,077,1735,,,,3146,
40,079,4296,,3453,1326,4302,
40,081,2575,,,,2083,
40,083,,,1742,,2337,
40,085,7194,,,,2638,
40,087,2092,,,4568,1878,
40,089,4959,,4183,,3892,
40,091,3893,,,,3127,
40,093,,,,,1545,
40,095,4588,,,,4890,
40,097,4529,,,,2828,
40,099,2535,,,,4625,
40,101,5140,,3967,,3412,
40,103,3345,,,,3326,
40,105,,,,,2142,
40,107,3704,,4559,,2704,
40,109,3990,1214,3421,2489,2245,
40,111,1897,,2655,,2527,
40,113,899,,,,2680,
40,115,2715,,,,2711,
40,117,1031,,,,2284,
40,119,4968,,3615,,2239,
40,121,3843,,,,2980,
40,123,5424,,,,3836,
40,125,3512,,900,,1585,
40,127,6514,,,,6026,
40,129,,,,,5932,
40,131,3904,,9253,,2602,
40,133,1512,,,,2276,
40,135,5978,,1768,,3754,
40,137,5978,,7369,2213,3359,
40,139,,,,1632,3047,
40,141,47768,,10847,10927,3281,
40,143,3985,2004,5907,1799,2463,
40,145,5194,,1415,,3989,
40,147,2572,,1762,,2528,
40,149,,,,,2407,
40,151,,,,,2310,
40,153,,,,,2426,
41,000,2255,1206,3675,2159,1774,
41,001,,,,,540,
41,003,6742,,,,1536,
41,005,1587,1850,755,1518,1752,
41,007,,,21053,,2045,
41,009,,,,,2028,
41,011,,,,2233,2114,
41,013,,,,,1575,
41,015,,,,,1500,
41,017,,,,3267,1770,
41,019,,,,944,1299,
41,021,,,,,2018,
41,023,,,,,347,
41,025,,,,,2836,
41,027,,,,,1846,
41,029,,,,2534,1707,
41,031,865,,,,1499,
41,033,,,3793,,1696,
41,035,,,6535,556,2497,
41,037,,,,,2544,
41,039,,,,2850,1673,
41,041,1256,,,,1574,
41,043,,,,1554,1859,
41,045,,,,1098,1557,
41,047,,573,2300,2716,1852,
41,049,,,,,1391,
41,051,2192,869,4424,1723,1887,
41,053,4159,,,,1740,
41,055,,,,,805,
41,057,,,,,1874,
41,059,1340,,,1548,1608,
41,061,,,,,1847,
41,063,,,,,1852,
41,065,,,,1340,1966,
41,067,4316,1485,644,2792,2032,
41,069,,,,,,
41,071,,,23529,2328,1928,
42,000,2095,2201,4842,4047,2808,
42,001,,,6336,1293,2470,
42,003,,2127,4699,2613,2853,
42,005,,,,,2930,
42,007,,,2888,,2732,
42,009,,,,,2790,
42,011,,,6293,6717,3350,
42,013,,,,,2899,
42,015,,,,,2827,
42,017,,2198,5183,4727,2875,
42,019,,6188,3283,5900,2738,
42,021,,,3902,,3118,
42,023,,,,,3254,
42,025,,,,,3509,
42,027,,,3257,,2443,
42,029,,1644,3353,1386,2556,
42,031,,,,,2898,
42,033,,,,,3001,
42,035,,,,,2995,
42,037,,,,,2473,
42,039,,,,,2786,
42,041,,2842,2166,704,2594,
42,043,,3816,4535,3617,2750,
42,045,,1549,4116,3265,2612,
42,047,,,,,2258,
42,049,,,5191,6455,2796,
42,051,,12315,4371,,3572,
42,053,,,,,2705,
42,055,,,638,2571,2464,
42,057,,,,,2661,
42,059,,,,,5098,
42,061,,,,,3528,
42,063,,,,,3154,
42,065,,,,,2716,
42,067,,,,,2675,
42,069,,4947,1435,7392,3309,
42,071,,1536,4744,3816,1955,
42,073,,,1034,,2759,
42,075,,,3394,4911,2033,
42,077,,2481,5690,3774,3107,
42,079,,,4631,3358,2798,
42,081,,,5879,,2421,
42,083,,,,,2284,
42,085,,,5476,,2744,
42,087,,,,,3161,
42,089,,1360,4293,3201,3278,
42,091,,1821,4787,3756,2698,
42,093,,,,,2241,
42,095,,2311,2786,3512,3299,
42,097,,,931,7718,3191,
42,099,,,,,3095,
42,101,5900,2537,5369,4705,3364,
42,103,,,2511,,2632,
42,105,,,,,2477,
42,107,,,7076,8155,3417,
42,109,,,,,2323,
42,111,,,,,2501,
42,113,,,,,3181,
42,115,,,,,2568,
42,117,,,,,2863,
42,119,,,,,1875,
42,121,,,,,3480,
42,123,,,,,2302,
42,125,,,4267,,3473,
42,127,,,,2095,2953,
42,129,,,4152,,2954,
42,131,,,,,2252,
42,133,,623,3597,3306,2464,
44,000,3109,2666,3682,3044,2517,
44,001,,,,,1640,
44,003,,,,,3226,
44,005,,2471,6677,,2420,
44,007,,3048,3133,3009,2482,
44,009,,,1655,,2229,
45,000,342,1296,3463,2674,2334,
45,001,,,2518,,2453,
45,003,,,3905,1326,2719,
45,005,,,331,,2104,
45,007,,,3758,2230,2905,
45,009,,,2087,,2154,
45,011,,,4156,,2221,
45,013,,,4198,,1868,
45,015,,865,3274,939,2096,
45,017,,,4862,,1688,
45,019,,341,3243,1098,1993,
45,021,,,3050,,2492,
45,023,,,2938,,2719,
45,025,,,3852,,3675,
45,027,,,4015,,2720,
45,029,,,3198,,2728,
45,031,,,5518,,2835,
45,033,,,4601,,3889,
45,035,,3948,3233,,2110,
45,037,,,1595,,2054,
45,039,,,1082,,1714,
45,041,,,5158,,3588,
45,043,,,3795,,2698,
45,045,,626,3102,2275,1798,
45,047,,,5118,,2538,
45,049,,,2627,,2752,
45,051,,,4134,6059,2352,
45,053,,,4829,,2187,
45,055,,,1338,,2286,
45,057,,,4287,,2789,
45,059,,,3743,,2909,
45,061,,,1733,,2863,
45,063,,3112,2550,3993,1956,
45,065,,,2687,,1380,
45,067,,,4469,,3544,
45,069,,,3630,,4351,
45,071,,,2817,,1435,
45,073,,,3983,,2420,
45,075,,,3295,,2953,
45,077,,,2806,,2343,
45,079,,564,2660,2882,1634,
45,081,,,2427,,4067,
45,083,,,3711,,2800,
45,085,,,3926,,2165,
45,087,,,2086,,2282,
45,089,,,3314,,2516,
45,091,,,4031,5352,2526,
46,000,4212,870,1716,2392,2623,
46,003,,,,,1608,
46,005,,,,,5085,
46,007,2198,,,,2415,
46,009,,,,,1314,
46,011,,,,,2715,
46,013,6966,,,,3085,
46,015,,,,,1154,
46,017,,,,,,
46,019,,,,,2772,
46,021,,,,,664,
46,023,10121,,,,2730,
46,025,,,,,3832,
46,027,,,,,1071,
46,029,,,,,3298,
46,031,6009,,,,1341,
46,033,,,,,1472,
46,035,,,,,1988,
46,037,,,,,1851,
46,039,,,,,3455,
46,041,3677,,,,1996,
46,043,,,,,2981,
46,045,,,,,1725,
46,047,8483,,,,2942,
46,049,,,,,5443,
46,051,,,,,1098,
46,053,,,,,4699,
46,055,,,,,3344,
46,057,,,,,3325,
46,059,,,,,2685,
46,061,,,,,2052,
46,063,,,,,,
46,065,743,,,,2419,
46,067,,,,,4051,
46,069,,,,,2812,
46,071,28571,,,,2092,
46,073,,,,,4031,
46,075,,,,,3204,
46,077,,,,,2542,
46,079,,,,,623,
46,081,,,,,1612,
46,083,,,,,2843,
46,085,,,,,888,
46,087,,,,,1738,
46,089,,,,,1462,
46,091,,,,,3176,
46,093,,,,,2495,
46,095,,,,,,
46,097,,,,,1006,
46,099,8095,,1640,2214,2929,
46,101,,,,,4286,
46,102,2047,,,,3341,
46,103,3212,,3029,1439,1976,
46,105,,,,,1296,
46,107,,,,,2932,
46,109,1085,,,,2585,
46,111,,,,,2392,
46,115,,,,,3849,
46,117,,,,,556,
46,119,,,,,,
46,121,4249,,,,5128,
46,123,18631,,,,4552,
46,125,,,,,2751,
46,127,,,,,2503,
46,129,4748,,,,3128,
46,135,,,,,2246,
46,137,3759,,,,,
47,000,415,1442,3922,2370,2710,
47,001,,,719,,2212,
47,003,,,2241,,2745,
47,005,,,,,2942,
47,007,,,,,1931,
47,009,,,1157,,2345,
47,011,,,545,2213,3004,
47,013,,,,,3277,
47,015,,,15600,,4097,
47,017,,,1993,,2593,
47,019,,,,,3596,
47,021,,,,,3282,
47,023,,,7248,,1915,
47,025,,,,,1935,
47,027,,,,,5576,
47,029,,,,,3079,
47,031,,,7404,,2761,
47,033,,,,,2599,
47,035,,,,,2228,
47,037,,2544,5100,2682,3070,
47,039,,,,,1964,
47,041,,,,,3022,
47,043,,,6432,,3299,
47,045,,,2272,,3685,
47,047,,,3680,,2590,
47,049,,,,,3596,
47,051,,,,,2402,
47,053,,,2439,,2984,
47,055,,,1084,,2801,
47,057,,,,,2644,
47,059,,,5487,,2909,
47,061,,,,,2285,
47,063,,,3514,,3093,
47,065,,930,3428,1166,1820,
47,067,,,,,1847,
47,069,,,4979,,2188,
47,071,,,,,2575,
47,073,,,,,2839,
47,075,,,3882,,2257,
47,077,,,,,2396,
47,079,,,2942,,2422,
47,081,,,4501,,2535,
47,083,,,,,2838,
47,085,,,,,3279,
47,087,,,,,4119,
47,089,,,3094,,2336,
47,091,,,,,3110,
47,093,,907,3713,1674,2395,
47,095,,,8246,,7625,
47,097,,,2692,,3145,
47,099,,,,,3413,
47,101,,,,,2936,
47,103,,,2894,,1913,
47,105,,,,,2362,
47,107,,,,,2282,
47,109,,,3807,,2925,
47,111,,,,,6998,
47,113,,,3079,,2212,
47,115,,,,,1819,
47,117,,,1480,,3716,
47,119,,,3922,,3037,
47,121,,,,,2669,
47,123,,,,,2802,
47,125,,911,2953,1340,3003,
47,127,,,,,2109,
47,129,,,,,3173,
47,131,,,3343,,3021,
47,133,,,,,4252,
47,135,,,,,2407,
47,137,,,,,4067,
47,139,,,,,2296,
47,141,,,,5728,3383,
47,143,,,,,2331,
47,145,,,3350,,3523,
47,147,,,2311,,3453,
47,149,,485,4554,318,3093,
47,151,,,,,3838,
47,153,,,,,1642,
47,155,,,,,2258,
47,157,,1049,3791,730,2356,
47,159,,,,,4669,
47,161,,,,,2795,
47,163,,,2063,,2960,
47,165,,,5662,,3137,
47,167,,,4366,14286,3043,
47,169,,,12413,,5184,
47,171,,,,,2671,
47,173,,,,,2125,
47,175,,,,,2606,
47,177,,,,,3079,
47,179,,,1915,,2722,
47,181,,,,,4121,
47,183,,,4195,,2648,
47,185,,,,,2495,
47,187,,1207,2364,1276,1819,
47,189,,,3802,2213,3141,
48,000,4775,1697,4769,3098,2738,
48,001,,,2926,1019,3509,
48,003,,,,4163,3226,
48,005,,,4446,3177,3256,
48,007,,,,1068,1485,
48,009,,,,,2756,
48,011,,,,,1726,
48,013,,,,2450,1797,
48,015,,,3829,2146,2505,
48,017,,,,5617,2096,
48,019,,,,,1403,
48,021,,,5231,2611,2770,
48,023,,,,,4990,
48,025,,,,3933,2406,
48,027,,2455,3723,2827,2860,
48,029,,1590,3125,2744,2128,
48,031,,,,,1717,
48,033,,,,,,
48,035,,,,3756,3170,
48,037,,,4074,2172,2912,
48,039,,1159,4465,3682,3650,
48,041,,796,6780,2876,2158,
48,043,,,,1924,1056,
48,045,,,,,2597,
48,047,,,,4107,3459,
48,049,,,,820,1861,
48,051,,,7032,,2656,
48,053,,,,1403,2092,
48,055,,,5192,3585,2857,
48,057,,,,4313,3287,
48,059,,,,,3164,
48,061,,,,3549,2525,
48,063,,,2748,4476,3290,
48,065,,,,,1996,
48,067,,,4233,,3254,
48,069,,,,2102,2350,
48,071,,,844,,5714,
48,073,,,2331,1357,2627,
48,075,,,,3216,3355,
48,077,,,,,5500,
48,079,,,,2967,,
48,081,,,,,3642,
48,083,,,,,4800,
48,085,1675,1265,4899,2641,2417,
48,087,,,,8592,2232,
48,089,,,,907,2876,
48,091,,,890,2054,2008,
48,093,,,,4335,2684,
48,095,,,,,1282,
48,097,,,,4155,3241,
48,099,,1141,1102,230,2343,
48,101,,,,,,
48,103,,,,,3159,
48,105,,,,2094,1837,
48,107,,,,2914,4371,
48,109,,,,,,
48,111,,,,,3275,
48,113,5150,1603,5285,2950,2461,
48,115,,,,3773,2061,
48,117,,,,2240,2689,
48,119,,,,,4657,
48,121,,1627,4725,2010,2881,
48,123,,,4203,4978,2386,
48,125,,,,,,
48,127,,,,4696,2446,
48,129,,,,,3070,
48,131,,,,4825,,
48,133,,,,4064,2447,
48,135,,,5287,4290,3303,
48,137,,,,2522,1501,
48,139,,,5217,3460,3129,
48,141,,328,2193,2010,2124,
48,143,,,,,3149,
48,145,,,2868,1198,2728,
48,147,,,3211,,4185,
48,149,,,1261,,2435,
48,151,,,,,1455,
48,153,,,,,1731,
48,155,,,,,1273,
48,157,,1778,4237,3190,2570,
48,159,,,,,2273,
48,161,,,3938,,3074,
48,163,,,,2701,1521,
48,165,,,,1285,2130,
48,167,,988,6116,3448,3363,
48,169,,,,,986,
48,171,,,,1314,936,
48,173,,,,,,
48,175,,,,,1612,
48,177,,,4186,2128,1824,
48,179,,,,651,2235,
48,181,8934,,6559,4758,4313,
48,183,,,4201,3201,3711,
48,185,,,4916,4473,2769,
48,187,,,3000,3461,3038,
48,189,,,,1997,1685,
48,191,,,,,4479,
48,193,,,,,3380,
48,195,,,,,2931,
48,197,,,,5569,5521,
48,199,,,4267,,3056,
48,201,,1865,5272,3067,2582,
48,203,,,2783,,3004,
48,205,,,,,,
48,207,,,,,3187,
48,209,,,2504,2663,2202,
48,211,,,,,4043,
48,213,,,6840,2578,3955,
48,215,,924,,3525,2449,
48,217,,,,2244,4300,
48,219,,,,1374,3213,
48,221,,,21337,1734,2238,
48,223,,,8289,,2978,
48,225,,,3423,,2871,
48,227,,,,2195,2964,
48,229,,,,,,
48,231,,,6278,6292,4184,
48,233,,,,,2651,
48,235,,,,,,
48,237,,,,8849,2879,
48,239,,,4111,3262,5013,
48,241,,,2803,,2011,
48,243,,,,3432,692,
48,245,,1600,4322,2610,2622,
48,247,,,,6791,,
48,249,,,,3148,2408,
48,251,,,3041,2060,4001,
48,253,,,,4690,3088,
48,255,,,,1940,1921,
48,257,,,5174,1550,2917,
48,259,,,,897,1273,
48,261,,,,,,
48,263,,,,,2621,
48,265,,,5468,2488,1789,
48,267,,,,,1007,
48,269,,,,,,
48,271,,,,,1061,
48,273,,,,4884,1959,
48,275,,,,,2405,
48,277,,,7876,2830,4001,
48,279,,,,2340,1466,
48,281,,,,,2813,
48,283,,,,1214,1484,
48,285,,,2630,2493,4348,
48,287,,,2878,1034,3059,
48,289,,,,2063,2394,
48,291,,,6082,2673,4065,
48,293,,,5639,2438,3323,
48,295,,,,,1420,
48,297,,,,2399,1025,
48,299,,,,,2375,
48,301,,,,,,
48,303,,,7010,2957,2122,
48,305,,,,1838,3417,
48,307,,,,,2313,
48,309,,1451,4245,2730,2802,
48,311,,,,,,
48,313,,,6650,,3541,
48,315,,,662,,3089,
48,317,,,,4595,4219,
48,319,,,,,1839,
48,321,,,5966,5828,4651,
48,323,,,,4011,4021,
48,325,,,,3581,1898,
48,327,,,,,1967,
48,329,,,3882,3030,2398,
48,331,,,4343,3943,3366,
48,333,,,,,2558,
48,335,,,,,2011,
48,337,,,,,3124,
48,339,,604,4575,3854,3286,
48,341,,,,2867,2665,
48,343,,,,,3754,
48,345,,,,,,
48,347,,,5597,1709,2913,
48,349,,,6193,4244,3224,
48,351,,,4314,,3881,
48,353,,,,2365,4034,
48,355,,628,2868,3515,2485,
48,357,,,,1182,4593,
48,359,,,,,,
48,361,,,3430,,2712,
48,363,,,,,2835,
48,365,,,5552,,3384,
48,367,,,,1117,2541,
48,369,,,,2880,2600,
48,371,,,,972,586,
48,373,,,1546,,1711,
48,375,,1341,3517,3447,2845,
48,377,,,,1975,,
48,379,,,,,3132,
48,381,,,6126,,2496,
48,383,,,,2333,,
48,385,,,,,2214,
48,387,,,6419,13043,3638,
48,389,,,,3061,2281,
48,391,,,9805,3818,3124,
48,393,,,,,,
48,395,,,5484,2313,4150,
48,397,,1084,3920,2047,2577,
48,399,,,,4753,5248,
48,401,,,5569,2297,3866,
48,403,,,9253,,2799,
48,405,,,2615,,3691,
48,407,,,5824,,3779,
48,409,,,,3201,2117,
48,411,,,,,2720,
48,413,,,,,2251,
48,415,,,,996,2958,
48,417,,,,,2192,
48,419,,,4860,2773,4518,
48,421,,,,,3429,
48,423,,2233,5485,1820,3156,
48,425,,,,,2054,
48,427,,,,4645,,
48,429,,,,7005,3550,
48,431,,,,,4069,
48,433,,,,,3093,
48,435,,,,4997,2648,
48,437,,,,945,1125,
48,439,3970,2165,5930,3536,3121,
48,441,,2072,2731,2844,3592,
48,443,,,,,,
48,445,,,25000,3020,3760,
48,447,,,,,3420,
48,449,,,2892,1081,2471,
48,451,,,7832,4143,3762,
48,453,,1335,4224,2833,2006,
48,455,,,1034,,4212,
48,457,,,,,3397,
48,459,,,1608,,2978,
48,461,,,,,,
48,463,,,,3497,1730,
48,465,,,,2626,2141,
48,467,,,3997,1395,3030,
48,469,,,8523,5295,3560,
48,471,,,3757,2959,3460,
48,473,,,3599,923,3204,
48,475,,,,2561,4197,
48,477,,,4369,2985,2233,
48,479,,,,3692,2006,
48,481,,,7201,6935,4090,
48,483,,,,,3233,
48,485,16708,,4852,5345,3444,
48,487,,,,3242,3301,
48,489,,,,4409,1461,
48,491,,1252,3911,2333,2035,
48,493,,,,3474,2706,
48,495,,,,4806,2966,
48,497,,,,2899,3622,
48,499,,,,1031,2519,
48,501,,,,,2237,
48,503,,,,1644,1736,
48,505,,,,5400,2510,
48,507,,,,3686,3765,
49,000,2854,1666,2071,1676,1494,
49,001,,,,,2075,
49,003,,,,,1022,
49,005,,,,950,1870,
49,007,,,,,1974,
49,009,,,,,,
49,011,,950,,1507,1361,
49,013,,,,,1970,
49,015,,,,,1576,
49,017,,,,,2504,
49,019,,,,,913,
49,021,,,,,1482,
49,023,,,,,2461,
49,025,,,,,1169,
49,027,,,,,705,
49,029,,,,,1061,
49,031,,,,,1002,
49,033,,,,,,
49,035,417,1620,1959,2047,1580,
49,037,3314,,,,1069,
49,039,,,,5232,1594,
49,041,,,,,1507,
49,043,,,,,990,
49,045,,,,,1566,
49,047,4377,,,,2436,
49,049,,865,,582,1346,
49,051,,,,,1523,
49,053,,1576,,345,1513,
49,055,,,,,1011,
49,057,,,,1802,1357,
50,000,,1092,3145,4453,2119,
50,001,,,,,1863,
50,003,,,,,2142,
50,005,,,,,3029,
50,007,,1020,2325,1337,1863,
50,009,,,,,1411,
50,011,,,,,3321,
50,013,,,,,1762,
50,015,,,,,2304,
50,017,,,36364,,2502,
50,019,,,,,1933,
50,021,,,,,2291,
50,023,,,,14524,1942,
50,025,,,,12995,1763,
50,027,,,,3540,1729,
51,000,2516,1424,3604,2128,2363,
51,001,,,2969,,2153,
51,003,,,3977,,1719,
51,005,,,,,3263,
51,007,,,2318,,2449,
51,009,,,3202,,2391,
51,011,,,3256,,2695,
51,013,,842,3271,1464,1284,
51,015,,,,,2222,
51,017,,,,,3157,
51,019,,,,,,
51,021,,,,,2558,
51,023,,,3759,,1608,
51,025,,54545,4391,,2183,
51,027,,,,,3536,
51,029,,,4408,,2289,
51,031,,,2447,,2956,
51,033,,,4650,,4038,
51,035,,,,,2619,
51,036,,,3856,,1724,
51,037,,,2541,,3334,
51,041,,1097,3434,540,2156,
51,043,,,5910,,2551,
51,045,,,,,3070,
51,047,,,4903,,2436,
51,049,,,,,2340,
51,051,,,,,3969,
51,053,,,4411,,3265,
51,057,,,1579,,2531,
51,059,,1168,3062,1770,1538,
51,061,,,5728,,2325,
51,063,,,,,2140,
51,065,,,4532,,1611,
51,067,,,3328,,2538,
51,069,,,7595,2558,3559,
51,071,,,,,2634,
51,073,,,544,,1288,
51,075,,,2457,,1223,
51,077,,,,,2035,
51,079,,,,,1869,
51,081,,,2978,,1223,
51,083,,,4479,,3511,
51,085,,2915,1923,,2348,
51,087,,989,2713,1999,1887,
51,089,,,3975,,3687,
51,091,,,,,3412,
51,093,,,1721,,2209,
51,095,,,2712,,2185,
51,097,,,3166,,3234,
51,099,,,4189,,3999,
51,101,,,4499,,2591,
51,103,,,3812,,1346,
51,105,,,,,2823,
51,107,,1678,4354,1262,2278,
51,109,,,3443,,2126,
51,111,,,4204,,2977,
51,113,,,,,1506,
51,115,,,1088,,1361,
51,117,,,2715,,3392,
51,119,,,956,,1639,
51,121,,,1546,,2346,
51,125,,,2548,,1898,
51,127,,,2236,,1806,
51,131,,,2723,,1604,
51,133,,,3542,,2017,
51,135,,,5813,,2952,
51,137,,,3609,,2225,
51,139,,,,,3569,
51,141,,,,,2741,
51,143,,,2420,,2392,
51,145,,,1068,,1895,
51,147,,,3130,,2629,
51,149,,,2161,,2382,
51,153,,1603,3363,2277,2587,
51,155,,,3769,,3427,
51,157,,,,,3281,
51,159,,,3153,,4061,
51,161,,,,,2318,
51,163,,,,,2023,
51,165,,,2365,,3244,
51,167,,,,,3949,
51,169,,,,,3941,
51,171,,,3348,,3098,
51,173,,,,,3059,
51,175,,,4207,,3378,
51,177,,,6030,1279,3579,
51,179,,1458,4531,2898,3517,
51,181,,,1788,,3273,
51,183,,,2948,,2700,
51,185,,,,,3533,
51,187,,,3910,,3034,
51,191,,,,,3086,
51,193,,,2923,,3155,
51,195,,,,,3431,
51,197,,,,,3277,
51,199,,468,3263,4963,1593,
51,510,,1090,4204,476,1792,
51,520,,,,,3786,
51,530,,,,,3032,
51,540,,,4062,,1312,
51,550,,410,4491,1700,2986,
51,570,,,2848,,2514,
51,580,,,,,2482,
51,590,,,3455,,1927,
51,595,,,3922,,1448,
51,600,,1045,2093,2044,1637,
51,610,,3769,,,1058,
51,620,,,6442,,3609,
51,630,,,7203,1428,3240,
51,640,,,,,2635,
51,650,,766,2302,2772,2253,
51,660,,,3090,900,2202,
51,670,,,4758,,4666,
51,678,,,,,2168,
51,680,,,3424,,2429,
51,683,,796,2458,1794,2424,
51,685,,,,,,
51,690,,,3750,,2979,
51,700,,793,3277,506,1967,
51,710,,1249,5049,2860,2737,
51,720,,,,,2274,
51,730,,,4532,,2695,
51,735,,,,,3334,
51,740,,2582,2083,,2186,
51,750,,,,,3135,
51,760,,501,3666,1295,2056,
51,770,,,3945,4221,2237,
51,775,,,1360,,2232,
51,790,,,2512,,1916,
51,800,,,4442,,2810,
51,810,,1916,4459,4653,2700,
51,820,,,6047,,1941,
51,830,,,1983,,1405,
51,840,,,3186,,3163,
53,000,3024,1466,2850,2307,1811,
53,001,,,,2849,1393,
53,003,,,,,1376,
53,005,,1102,1362,3753,2071,
53,007,,,,696,1364,
53,009,1398,,,,1206,
53,011,919,2242,732,2678,2008,
53,013,,,,,1965,
53,015,,,,3309,2126,
53,017,,,,1917,1884,
53,019,1576,,,,1225,
53,021,,,,2830,2180,
53,023,,,,,2680,
53,025,,,,1891,1718,
53,027,3986,1832,,352,2248,
53,029,,,,1261,1479,
53,031,,,,,1123,
53,033,3339,1293,3126,1751,1658,
53,035,2407,1621,804,2151,1632,
53,037,,,,,1373,
53,039,,,,,1611,
53,041,,,,,1953,
53,043,,,,,2383,
53,045,,,,,2087,
53,047,1521,,,,1263,
53,049,4544,,,,1778,
53,051,,,,,1705,
53,053,3306,2204,3365,2922,2268,
53,055,,,,,847,
53,057,2397,,,1638,2051,
53,059,,,,,2160,
53,061,1771,1126,1922,2093,1903,
53,063,5497,835,3365,802,1613,
53,065,1204,,,,1168,
53,067,,991,1708,1197,1737,
53,069,,,,,2541,
53,071,,,,2900,1885,
53,073,2847,1479,,2691,1963,
53,075,,,,,1571,
53,077,3425,,2731,2564,2422,
54,000,,961,4832,4274,3929,
54,001,,,,,2306,
54,003,,,1529,,3468,
54,005,,,,,8560,
54,007,,,,,2445,
54,009,,,,,5474,
54,011,,,4573,,3450,
54,013,,,,,1781,
54,015,,,,,4242,
54,017,,,,,4756,
54,019,,,2709,,4081,
54,021,,,,,3107,
54,023,,,,,4311,
54,025,,,,,3749,
54,027,,,,,3062,
54,029,,,5873,,5918,
54,031,,,,,2888,
54,033,,,1338,,4073,
54,035,,,,,3574,
54,037,,,2873,,2748,
54,039,,,4449,,3685,
54,041,,,,,2964,
54,043,,,,,6759,
54,045,,,5253,,9926,
54,047,,,1768,,6440,
54,049,,,7928,,4573,
54,051,,,,,4370,
54,053,,,,,3597,
54,055,,,3885,,3539,
54,057,,,,,3115,
54,059,,,9144,,10351,
54,061,,,10857,,3818,
54,063,,,,,3478,
54,065,,,,,2944,
54,067,,,,,3856,
54,069,,,1404,,3427,
54,071,,,,,3378,
54,073,,,,,4859,
54,075,,,,,2731,
54,077,,,,,2580,
54,079,,,,,2751,
54,081,,,8725,,4805,
54,083,,,,,2976,
54,085,,,,,4202,
54,087,,,,,2113,
54,089,,,,,3341,
54,091,,,,,1965,
54,093,,,,,1934,
54,095,,,,,3193,
54,097,,,,,3871,
54,099,,,,,3641,
54,101,,,,,2523,
54,103,,,,,3822,
54,105,,,,,3550,
54,107,,6435,2878,,4147,
54,109,,,,,6421,
55,000,3837,2524,5217,2849,2402,
55,001,,,,,1170,
55,003,,,,,935,
55,005,,,,,2872,
55,007,,,,,975,
55,009,4227,2444,9306,271,1460,
55,011,,,,,2353,
55,013,9022,,,,1802,
55,015,,,,,1485,
55,017,,,,,3233,
55,019,,,,,2876,
55,021,,,,,2474,
55,023,,,,,2165,
55,025,,897,5410,2244,2044,
55,027,,,,3924,2203,
55,029,,,,,1217,
55,031,,,,,4803,
55,033,,,,,3776,
55,035,,1813,1062,,3542,
55,037,,,,,1130,
55,039,,,,3542,1934,
55,041,,,,,1888,
55,043,,,,,3157,
55,045,,,,,1534,
55,047,,,,,963,
55,049,,,,,4410,
55,051,,,,,1000,
55,053,3341,,,,2001,
55,055,,,,,2644,
55,057,,,,,1875,
55,059,,,3542,2336,2630,
55,061,,,,,1662,
55,063,,1047,8441,,1576,
55,065,,,,,3284,
55,067,,,,,1528,
55,069,,,,,1640,
55,071,,3320,2855,,2621,
55,073,,4228,1609,,2227,
55,075,,,,,2532,
55,077,,,,,2049,
55,078,4453,,,,,
55,079,2442,3828,5258,3175,3015,
55,081,,,,,995,
55,083,,,,,1196,
55,085,4360,,,,1990,
55,087,649,,1200,,1744,
55,089,,,7023,,2092,
55,091,,,,,2572,
55,093,,,,,2576,
55,095,,,,,3236,
55,097,,,,,1547,
55,099,,,,,3069,
55,101,,,5390,4671,2571,
55,103,,,,,2066,
55,105,,7017,5376,,3487,
55,107,,,,,2519,
55,109,,,,,3746,
55,111,,,,,2711,
55,113,1140,,,,1111,
55,115,3128,,,,1770,
55,117,,2701,13717,,2275,
55,119,,,,,2856,
55,121,,,,,2069,
55,123,,,,,1839,
55,125,,,,,1683,
55,127,,,,2928,2560,
55,129,,,,,3071,
55,131,,,906,13274,2444,
55,133,28319,2453,1941,2483,2604,
55,135,,,,,1054,
55,137,,,,,1668,
55,139,,,,,2228,
55,141,,,,,2340,
56,000,5316,,2727,2786,2469,
56,001,,,,1241,2037,
56,003,,,,5638,3041,
56,005,,,,2007,1988,
56,007,,,,1462,2119,
56,009,,,,,3211,
56,011,,,,,1797,
56,013,5175,,,,1840,
56,015,,,,,2070,
56,017,,,,,1846,
56,019,,,,,2165,
56,021,,,2156,3413,3193,
56,023,,,,,2249,
56,025,,,4604,4010,2884,
56,027,,,,,6963,
56,029,,,,,2108,
56,031,,,,,3409,
56,033,,,,,2554,
56,035,,,,,2420,
56,037,,,,751,1670,
56,039,,,,,1507,
56,041,,,,3470,2168,
56,043,,,,,1917,
56,045,,,,,1862,
