statecode,countycode,v160_rawvalue,v160_flag_CT
01,000,2.6488747397138175,NA
01,001,2.945717818963741,NA
01,003,2.930823139083877,NA
01,005,1.959501989552811,NA
01,007,2.240669765045451,NA
01,009,2.630106309293043,NA
01,011,2.1876178931336123,NA
01,013,2.151304259266401,NA
01,015,2.8132000612595296,NA
01,017,2.4338268683593602,NA
01,019,2.4965812651726615,NA
01,021,2.676496386618563,NA
01,023,2.0312698982287594,NA
01,025,2.5303488265234706,NA
01,027,2.3595250381950335,NA
01,029,2.859187350550007,NA
01,031,2.8767491727347307,NA
01,033,2.709634328939697,NA
01,035,2.1576620931650496,NA
01,037,2.407654594949508,NA
01,039,2.6106536513941307,NA
01,041,2.6586512418755723,NA
01,043,2.9459136003254214,NA
01,045,2.5530345556568794,NA
01,047,2.3231436374040757,NA
01,049,2.57385833187834,NA
01,051,2.8531152322072675,NA
01,053,2.653321196188922,NA
01,055,2.6802672324639802,NA
01,057,2.5280608209552993,NA
01,059,2.592261585835053,NA
01,061,2.9390292124569544,NA
01,063,2.512397722454433,NA
01,065,2.2882232640790416,NA
01,067,2.5681487620406163,NA
01,069,2.699954569556918,NA
01,071,2.760135422426773,NA
01,073,2.4945615895792916,NA
01,075,3.024527653424673,NA
01,077,2.9406444835806997,NA
01,079,2.407249009809115,NA
01,081,3.029601617789444,NA
01,083,2.7440810749676974,NA
01,085,2.2488150731980614,NA
01,087,1.913440292060564,NA
01,089,2.91024737101688,NA
01,091,2.6288640475518146,NA
01,093,2.875075046262167,NA
01,095,2.7502533967655713,NA
01,097,2.579397720325937,NA
01,099,2.3505168504938596,NA
01,101,2.328973499624169,NA
01,103,2.784339523083225,NA
01,105,2.0227731877475197,NA
01,107,2.463409008798545,NA
01,109,2.6760682614669333,NA
01,111,2.505040278292667,NA
01,113,2.511375940597579,NA
01,115,2.8589068847777184,NA
01,117,2.7582599604137266,NA
01,119,1.989162139834283,NA
01,121,2.4420812695757763,NA
01,123,2.338466397725758,NA
01,125,2.5326740259236415,NA
01,127,2.6357112392645567,NA
01,129,2.495428640464231,NA
01,131,1.813129610876476,NA
01,133,2.5617182560322593,NA
02,000,NA,NA
02,013,NA,NA
02,016,NA,NA
02,020,NA,NA
02,050,NA,NA
02,060,NA,NA
02,063,NA,NA
02,066,NA,NA
02,068,NA,NA
02,070,NA,NA
02,090,NA,NA
02,100,NA,NA
02,105,NA,NA
02,110,NA,NA
02,122,NA,NA
02,130,NA,NA
02,150,NA,NA
02,158,NA,NA
02,164,NA,NA
02,170,NA,NA
02,180,NA,NA
02,185,NA,NA
02,188,NA,NA
02,195,NA,NA
02,198,NA,NA
02,220,NA,NA
02,230,NA,NA
02,240,NA,NA
02,275,NA,NA
02,282,NA,NA
02,290,NA,NA
04,000,2.9060633254387986,NA
04,001,2.25401242399227,NA
04,003,2.811698950500291,NA
04,005,2.5639271586350225,NA
04,007,2.256299413750795,NA
04,009,2.9274956438355844,NA
04,011,3.165812960582687,NA
04,012,2.733241759066519,NA
04,013,2.9846364931298552,NA
04,015,2.8553373282218275,NA
04,017,2.4443867306343416,NA
04,019,2.9213443520215847,NA
04,021,2.7083011500912826,NA
04,023,2.6664784693192622,NA
04,025,2.825773459046191,NA
04,027,2.7881345626606944,NA
05,000,2.774294556586438,NA
05,001,2.636196388798693,NA
05,003,2.5667789432158234,NA
05,005,2.9938145041099102,NA
05,007,3.0568764933884665,NA
05,009,3.119543994205031,NA
05,011,2.511745757185291,NA
05,013,2.7019839828604004,NA
05,015,2.9635538350324637,NA
05,017,2.160090224934812,NA
05,019,2.450489709197714,NA
05,021,2.7128807864720232,NA
05,023,2.8366609654320802,NA
05,025,2.7536824226777767,NA
05,027,2.844484346565569,NA
05,029,2.778044678969219,NA
05,031,2.785875552339868,NA
05,033,2.6176486693696712,NA
05,035,2.4013747276875983,NA
05,037,2.6893412891481088,NA
05,039,2.610509245358073,NA
05,041,2.4547655166629303,NA
05,043,2.859267729386004,NA
05,045,3.03864021986618,NA
05,047,3.1665100502088936,NA
05,049,3.2431317221401055,NA
05,051,2.99429154106192,NA
05,053,2.887292676244277,NA
05,055,2.7220431111463657,NA
05,057,2.3215848529889014,NA
05,059,2.6546364288638866,NA
05,061,2.5961153131872567,NA
05,063,2.76927127465275,NA
05,065,2.991797546790449,NA
05,067,2.6630911069847696,NA
05,069,2.1284922241246784,NA
05,071,2.6153630997065487,NA
05,073,1.925507742691042,NA
05,075,2.613527812898913,NA
05,077,1.791666030030399,NA
05,079,2.3062254527557235,NA
05,081,2.650157527372196,NA
05,083,2.761840948054802,NA
05,085,3.0876046991694133,NA
05,087,2.5465721455225583,NA
05,089,2.7355651666847978,NA
05,091,2.7750918550020556,NA
05,093,2.6830731089225996,NA
05,095,1.81925906374026,NA
05,097,2.950349665122413,NA
05,099,2.1418268655713595,NA
05,101,2.860025981611286,NA
05,103,2.469933520531016,NA
05,105,2.5984653700571907,NA
05,107,2.288261083558749,NA
05,109,2.764777655886398,NA
05,111,2.6839654171575495,NA
05,113,2.8085699373586928,NA
05,115,3.065000695290323,NA
05,117,2.9589110632300044,NA
05,119,2.5383442822522357,NA
05,121,2.5278752863795244,NA
05,123,2.3595727200792096,NA
05,125,3.066671614586687,NA
05,127,2.5414236651542534,NA
05,129,3.1276440085784984,NA
05,131,2.7308243149573204,NA
05,133,3.099927332039476,NA
05,135,2.990518605878328,NA
05,137,3.149555124742821,NA
05,139,2.6208927897260903,NA
05,141,3.1311038347460283,NA
05,143,2.8991752222982288,NA
05,145,2.735688045405844,NA
05,147,2.969000690842769,NA
05,149,2.8273472658799723,NA
06,000,2.784518115179054,NA
06,001,3.032147873172047,NA
06,003,NA,NA
06,005,2.6505738309746247,NA
06,007,2.557717050049097,NA
06,009,2.4871695016688458,NA
06,011,2.6156743048322766,NA
06,013,2.880066199859595,NA
06,015,2.2283732124103235,NA
06,017,2.97359753625324,NA
06,019,2.7477350379122387,NA
06,021,2.326135228484665,NA
06,023,2.5365954398935053,NA
06,025,2.575309163415586,NA
06,027,2.727285594297891,NA
06,029,2.5535650808316257,NA
06,031,2.5940476834001225,NA
06,033,2.261011671861668,NA
06,035,2.308713998556758,NA
06,037,2.8029974616140505,NA
06,039,2.4363021438763193,NA
06,041,3.2353035360740354,NA
06,043,2.746157451036912,NA
06,045,2.4459936040098547,NA
06,047,2.560492170924771,NA
06,049,2.487707936671124,NA
06,051,2.6306770963288084,NA
06,053,2.4885893576647815,NA
06,055,2.7607006385874424,NA
06,057,2.8440798452614597,NA
06,059,3.0285496023266343,NA
06,061,3.121786717880547,NA
06,063,2.6842743791523436,NA
06,065,2.692073347404332,NA
06,067,2.695876157954826,NA
06,069,2.7570895238856745,NA
06,071,2.5892443636011064,NA
06,073,2.9764183172747165,NA
06,075,3.003893268436387,NA
06,077,2.57215301754814,NA
06,079,2.9627060610599987,NA
06,081,3.1865488647479268,NA
06,083,2.6407043445231158,NA
06,085,3.252345522257167,NA
06,087,2.6331669877063137,NA
06,089,2.721099745407254,NA
06,091,2.6494757362415426,NA
06,093,2.443478166822244,NA
06,095,2.6476285800261,NA
06,097,2.7235375703626565,NA
06,099,2.5159454332571833,NA
06,101,2.608709002970223,NA
06,103,2.624868237198258,NA
06,105,2.8829720373401133,NA
06,107,2.550575559678028,NA
06,109,2.6563669486975177,NA
06,111,2.711028301333674,NA
06,113,2.7188280890630736,NA
06,115,2.6230506408642857,NA
08,000,3.059655501408478,NA
08,001,2.7685564724558214,NA
08,003,2.86279231290817,NA
08,005,3.0504029178696626,NA
08,007,NA,NA
08,009,3.209042628801418,NA
08,011,2.7613972615357207,NA
08,013,3.3557169843180574,NA
08,014,3.4587630357716135,NA
08,015,2.9173941331966513,NA
08,017,NA,NA
08,019,3.204967845893917,NA
08,021,3.299306386579294,NA
08,023,2.448594055591594,NA
08,025,2.6917135650458315,NA
08,027,2.7804364975944353,NA
08,029,2.971515965169106,NA
08,031,2.9363350481515655,NA
08,033,NA,NA
08,035,3.4098941143489636,NA
08,037,2.859500987682493,NA
08,039,NA,NA
08,041,3.1505477599266656,NA
08,043,2.814722506152124,NA
08,045,2.8157330719617866,NA
08,047,3.634190888225196,NA
08,049,3.1025933668760985,NA
08,051,2.6090847461789988,NA
08,053,NA,NA
08,055,NA,NA
08,057,NA,NA
08,059,3.20841386092405,NA
08,061,3.6413054626029497,NA
08,063,3.2211875858146453,NA
08,065,2.7150206338571228,NA
08,067,2.7648963708125094,NA
08,069,3.383557968517756,NA
08,071,2.925334725956299,NA
08,073,3.104415717759988,NA
08,075,NA,NA
08,077,2.8491563979790926,NA
08,079,NA,NA
08,081,2.5389794375801125,NA
08,083,NA,NA
08,085,2.810482342615494,NA
08,087,2.624976449261996,NA
08,089,2.85599367524308,NA
08,091,3.88519890964462,NA
08,093,3.2409907623792997,NA
08,095,NA,NA
08,097,3.029710605134681,NA
08,099,2.671514523215145,NA
08,101,2.760219978043047,NA
08,103,3.0777608345545753,NA
08,105,2.5039434080444796,NA
08,107,3.345234788129831,NA
08,109,2.744039512854333,NA
08,111,NA,NA
08,113,3.233452362295428,NA
08,115,NA,NA
08,117,2.889158638630744,NA
08,119,2.761318430411646,NA
08,121,2.969475738296822,NA
08,123,3.00554827564984,NA
08,125,2.998124207236643,NA
09,000,3.1191695334808407,A
09,001,3.228387895677994,A
09,003,3.003723332653553,A
09,005,3.205440431737311,A
09,007,3.32957912107097,A
09,009,3.021331119080216,A
09,011,3.1818119379865193,A
09,013,3.2622525202520025,A
09,015,3.0604408471605047,A
09,110,NA,U
09,120,NA,U
09,130,NA,U
09,140,NA,U
09,150,NA,U
09,160,NA,U
09,170,NA,U
09,180,NA,U
09,190,NA,U
10,000,3.0289958288650616,NA
10,001,3.204320449757409,NA
10,003,2.9114511045991582,NA
10,005,3.1959258917302646,NA
11,000,NA,NA
11,001,NA,NA
12,000,3.2788263655823235,NA
12,001,3.1900395340018637,NA
12,003,3.7385359631517847,NA
12,005,3.2812029396306825,NA
12,007,3.18034617421165,NA
12,009,3.2484816697552854,NA
12,011,3.342490991254323,NA
12,013,3.3255690735759402,NA
12,015,3.4671043897467024,NA
12,017,3.159699720340647,NA
12,019,3.4613521502019284,NA
12,021,3.4316385982136506,NA
12,023,3.4218173003381813,NA
12,027,2.7448426388548253,NA
12,029,3.300950364920674,NA
12,031,3.248916101897313,NA
12,033,3.099502236245918,NA
12,035,3.4835173602135274,NA
12,037,3.068098812582223,NA
12,039,3.1268951453038083,NA
12,041,3.6196349867648108,NA
12,043,3.4796032664724095,NA
12,045,3.032118141391511,NA
12,047,3.047273555335627,NA
12,049,3.424765143291122,NA
12,051,2.9644852702443343,NA
12,053,3.245094390929821,NA
12,055,3.1352412245463066,NA
12,057,3.090734644987633,NA
12,059,2.916908528287161,NA
12,061,3.3287274118315633,NA
12,063,3.408536235196523,NA
12,065,3.020810454858207,NA
12,067,3.671525261285509,NA
12,069,3.252146456570022,NA
12,071,3.2443971076691382,NA
12,073,3.3342467052266236,NA
12,075,3.122504534702615,NA
12,077,3.2879820840291245,NA
12,079,2.846350878923037,NA
12,081,3.211109772906347,NA
12,083,2.9425403819185623,NA
12,085,3.200015124914665,NA
12,086,3.4015556396891884,NA
12,087,3.2374772579030564,NA
12,089,3.66680968501681,NA
12,091,3.487000346571915,NA
12,093,3.302741785064278,NA
12,095,3.2708809201064333,NA
12,097,3.095000879674466,NA
12,099,3.3706664840820695,NA
12,101,3.162058601338126,NA
12,103,3.2383002581336515,NA
12,105,3.135350181059529,NA
12,107,2.9108310590127946,NA
12,109,3.765170783464898,NA
12,111,3.0817449345491013,NA
12,113,3.422151538894092,NA
12,115,3.5218662171511412,NA
12,117,3.485371099432464,NA
12,119,3.326698042307485,NA
12,121,3.1697811735686874,NA
12,123,3.433388522685023,NA
12,125,3.4070995179254444,NA
12,127,3.2116044039954263,NA
12,129,3.2835554538165908,NA
12,131,3.3472027799207766,NA
12,133,3.08363910491025,NA
13,000,2.9170592317115727,NA
13,001,2.817020304623816,NA
13,003,2.7409110035761093,NA
13,005,3.3713489111966295,NA
13,007,NA,NA
13,009,2.4144961807848935,NA
13,011,2.941793677201435,NA
13,013,2.882464483320398,NA
13,015,3.0110592843909596,NA
13,017,2.8112331389523293,NA
13,019,3.1416829859196036,NA
13,021,2.35071486874281,NA
13,023,3.3363031574311734,NA
13,025,3.5222719488254226,NA
13,027,2.382212183927099,NA
13,029,3.191508610697723,NA
13,031,3.0031304641546175,NA
13,033,2.4263650575850675,NA
13,035,2.6214533072431,NA
13,037,1.828381817250117,NA
13,039,3.3321780144411246,NA
13,043,2.6794433792778984,NA
13,045,3.153274568200673,NA
13,047,2.84690761686152,NA
13,049,3.041861881318866,NA
13,051,2.613208718708361,NA
13,053,3.0928750694744087,NA
13,055,2.93232983056525,NA
13,057,3.3619263433058926,NA
13,059,2.6384565895543375,NA
13,061,NA,NA
13,063,2.520231523823847,NA
13,065,2.3642409314772066,NA
13,067,3.0612507569877105,NA
13,069,2.9260168054539277,NA
13,071,2.770059521673102,NA
13,073,3.380899779326499,NA
13,075,2.6573128531968417,NA
13,077,3.1123947518985817,NA
13,079,2.9916036759905866,NA
13,081,2.676200932324198,NA
13,083,3.017626695805324,NA
13,085,3.162194691220206,NA
13,087,3.122621310971701,NA
13,089,2.6870687976043666,NA
13,091,2.7874358394713394,NA
13,093,1.851285853549842,NA
13,095,2.5255438154214382,NA
13,097,2.826180347781743,NA
13,099,2.6416016540968337,NA
13,101,2.8807741959383173,NA
13,103,3.2346814611655557,NA
13,105,2.6734045502978017,NA
13,107,2.516331995905738,NA
13,109,2.59009413644892,NA
13,111,2.9056457042877324,NA
13,113,3.3231099208337804,NA
13,115,3.1433299521448244,NA
13,117,3.684857853863295,NA
13,119,2.833188275551125,NA
13,121,2.930554007562688,NA
13,123,2.9796333504694936,NA
13,125,2.8788470996910576,NA
13,127,2.9712514258398555,NA
13,129,2.7914025907348603,NA
13,131,3.005056545145977,NA
13,133,3.1444523200326975,NA
13,135,3.139555011985171,NA
13,137,3.1349732243861537,NA
13,139,2.692150940475707,NA
13,141,1.87718988320569,NA
13,143,3.0079384182622007,NA
13,145,3.0397008318379335,NA
13,147,2.7547408207195225,NA
13,149,2.78999480844546,NA
13,151,2.7384418629284366,NA
13,153,3.0206423214123963,NA
13,155,2.9041871961147963,NA
13,157,3.2801929994112276,NA
13,159,2.767160485631344,NA
13,161,2.8702934040911536,NA
13,163,2.451962385707991,NA
13,165,2.845356724530638,NA
13,167,3.06789866368952,NA
13,169,2.9845066684817754,NA
13,171,2.9756925590966317,NA
13,173,3.0362715291664113,NA
13,175,3.1224637394980284,NA
13,177,3.513026865975953,NA
13,179,2.7767641631003115,NA
13,181,3.2373966140202803,NA
13,183,2.9210806354139036,NA
13,185,2.8078440832401137,NA
13,187,3.2129349878421447,NA
13,189,2.7003907283263944,NA
13,191,2.6829601233799063,NA
13,193,1.997896030868051,NA
13,195,3.3071697570877117,NA
13,197,2.6225036089282345,NA
13,199,2.578748261614766,NA
13,201,2.729811963384598,NA
13,205,2.7436348672238293,NA
13,207,3.145521982450216,NA
13,209,2.9606491589128816,NA
13,211,3.2225151477520644,NA
13,213,2.8017292574904316,NA
13,215,2.4981041140024125,NA
13,217,2.55133439849354,NA
13,219,3.667028651070181,NA
13,221,2.978963882441749,NA
13,223,2.9688052609805293,NA
13,225,2.349027476459713,NA
13,227,3.0657100443512495,NA
13,229,3.471681194501042,NA
13,231,3.052743232487574,NA
13,233,2.76710375467618,NA
13,235,2.54435399929817,NA
13,237,NA,NA
13,239,NA,NA
13,241,2.8168680307354097,NA
13,243,2.831028368468709,NA
13,245,2.2175597446418633,NA
13,247,2.627386026012525,NA
13,249,3.3108042704171816,NA
13,251,2.8119466646863924,NA
13,253,2.4773117211458793,NA
13,255,2.4762705042210893,NA
13,257,2.9361821939309434,NA
13,259,2.5295734997634396,NA
13,261,2.1580079999548545,NA
13,263,NA,NA
13,265,NA,NA
13,267,2.439756724711218,NA
13,269,2.4217784225380425,NA
13,271,2.845833942800865,NA
13,273,2.375113205585945,NA
13,275,2.727580975012775,NA
13,277,3.228874268409297,NA
13,279,3.157146361716152,NA
13,281,3.068698351240312,NA
13,283,2.9839091162904743,NA
13,285,2.741883767611672,NA
13,287,3.157218892095604,NA
13,289,2.3573402412080506,NA
13,291,3.2917336243563886,NA
13,293,2.6541093331059793,NA
13,295,2.776644665325744,NA
13,297,3.0545321503498095,NA
13,299,2.721420794838627,NA
13,301,2.1368707547596513,NA
13,303,2.694081408263241,NA
13,305,2.9607250356933306,NA
13,307,2.7544290871932593,NA
13,309,3.233311479229709,NA
13,311,3.1763616330640643,NA
13,313,2.856492605100532,NA
13,315,3.247988653405785,NA
13,317,2.796626134000958,NA
13,319,2.7633893621583328,NA
13,321,3.0967399954937505,NA
15,000,2.994225151233949,NA
15,001,2.6117785664093724,NA
15,003,3.0902428522437675,NA
15,005,NA,NA
15,007,2.947577128725704,NA
15,009,2.9608742961538463,NA
16,000,3.048651890961446,NA
16,001,3.2692306289269912,NA
16,003,2.3994012138974234,NA
16,005,3.1442070679376464,NA
16,007,2.9678290922366095,NA
16,009,2.3174330819677493,NA
16,011,3.0176652019498578,NA
16,013,2.9256849685298416,NA
16,015,3.3104039260133455,NA
16,017,3.117295795970614,NA
16,019,2.9966761453077755,NA
16,021,2.8112993639693986,NA
16,023,3.4921171918384464,NA
16,025,NA,NA
16,027,2.936538069056333,NA
16,029,2.9472545930635707,NA
16,031,2.812623648625885,NA
16,033,NA,NA
16,035,3.2724811232311866,NA
16,037,NA,NA
16,039,2.8097370699563995,NA
16,041,3.3299411592387207,NA
16,043,3.1209932946400314,NA
16,045,2.7129740362874624,NA
16,047,2.685486563244509,NA
16,049,2.930657328566676,NA
16,051,3.007146283974589,NA
16,053,2.5710300440222325,NA
16,055,3.1891733632419683,NA
16,057,3.317762324695997,NA
16,059,2.7851345836693246,NA
16,061,2.919334824932562,NA
16,063,2.4220187481866695,NA
16,065,NA,NA
16,067,2.6511114136062144,NA
16,069,2.88476722083838,NA
16,071,3.344074180116861,NA
16,073,2.635539973249637,NA
16,075,2.8499229564252926,NA
16,077,3.0132945031495324,NA
16,079,3.016481692102022,NA
16,081,2.7020570069601337,NA
16,083,2.9775226594651354,NA
16,085,3.2212075262379196,NA
16,087,3.2449668124959326,NA
17,000,2.8982652070955384,NA
17,001,2.674033272517419,NA
17,003,2.0177141606177385,NA
17,005,3.2879013322258306,NA
17,007,2.5566553499551206,NA
17,009,2.4854457704998367,NA
17,011,2.9971327438649658,NA
17,013,3.4745088376553923,NA
17,015,3.3326922111945096,NA
17,017,2.477433580016937,NA
17,019,2.632393563612371,NA
17,021,2.857139988071196,NA
17,023,2.78709859742286,NA
17,025,2.6818290664050126,NA
17,027,3.1701471556186775,NA
17,029,2.4244563671528545,NA
17,031,2.852589549321755,NA
17,033,2.7208454865047393,NA
17,035,2.4893190459506576,NA
17,037,2.9339208623191766,NA
17,039,3.4747004777164796,NA
17,041,2.903353889490569,NA
17,043,3.3096482615340874,NA
17,045,2.500992296784106,NA
17,047,3.716869316782863,NA
17,049,3.102162620097587,NA
17,051,2.908000507007342,NA
17,053,3.1913753657786366,NA
17,055,2.8171956339669904,NA
17,057,2.837777625797773,NA
17,059,2.5186700092400596,NA
17,061,2.7515284031012466,NA
17,063,2.8119648807242346,NA
17,065,3.0477087681435733,NA
17,067,3.027041210729171,NA
17,069,2.6998339154660447,NA
17,071,2.0615029009739265,NA
17,073,2.8224436221269036,NA
17,075,3.246514549538365,NA
17,077,2.659696918439063,NA
17,079,3.2623120970364905,NA
17,081,2.6208157887214867,NA
17,083,3.3983703825764624,NA
17,085,3.4199815002319496,NA
17,087,3.078706304123049,NA
17,089,2.78682773133572,NA
17,091,2.6470516309808803,NA
17,093,3.0764826060395953,NA
17,095,2.688095233600407,NA
17,097,3.0457902386889195,NA
17,099,2.668074630292354,NA
17,101,2.794179307378538,NA
17,103,2.417113435359743,NA
17,105,2.8796587821638355,NA
17,107,2.9367018110808316,NA
17,109,2.5267298559348514,NA
17,111,3.0534413994554925,NA
17,113,2.972570819616494,NA
17,115,2.2089567347839445,NA
17,117,2.983008726932094,NA
17,119,2.8872481444290488,NA
17,121,2.760836592140588,NA
17,123,2.7630086027453498,NA
17,125,2.7507865219098373,NA
17,127,3.253388305628725,NA
17,129,3.016608841915221,NA
17,131,2.7805574683888135,NA
17,133,3.6905108372893016,NA
17,135,2.870975912929108,NA
17,137,2.831149951974172,NA
17,139,2.60991237573785,NA
17,141,3.1649425207998862,NA
17,143,2.646600143417638,NA
17,145,3.0889521801653306,NA
17,147,3.1141250453108422,NA
17,149,2.5261838517299773,NA
17,151,2.5742905658639113,NA
17,153,2.840765526603892,NA
17,155,3.172823491885191,NA
17,157,2.8200056246072016,NA
17,159,3.1266172525548273,NA
17,161,2.5073166204816792,NA
17,163,2.803584015977716,NA
17,165,2.5788291243832377,NA
17,167,2.8199777894006375,NA
17,169,2.893817899475015,NA
17,171,2.8352885224576148,NA
17,173,3.01544764813757,NA
17,175,3.206968976215037,NA
17,177,2.838117668000302,NA
17,179,3.073264763066841,NA
17,181,2.51251003341973,NA
17,183,2.5397357513723917,NA
17,185,2.926846907727477,NA
17,187,2.650626043497948,NA
17,189,3.028710960800821,NA
17,191,3.142120132266921,NA
17,193,2.8511702309748057,NA
17,195,2.821712602907944,NA
17,197,3.100217978403477,NA
17,199,3.27675226590391,NA
17,201,2.512328963749514,NA
17,203,3.3600981606998683,NA
18,000,3.19051862891506,NA
18,001,3.2276521241958527,NA
18,003,3.032048583507738,NA
18,005,3.1392053075505326,NA
18,007,3.22286609591813,NA
18,009,3.225730627786066,NA
18,011,3.7237304591217693,NA
18,013,3.2824293178988624,NA
18,015,2.9825742929316976,NA
18,017,2.9259263323196842,NA
18,019,3.152319560806163,NA
18,021,3.4835631754706964,NA
18,023,3.1457298196606556,NA
18,025,3.095149611384391,NA
18,027,3.4782927229497176,NA
18,029,3.3063997357063735,NA
18,031,3.3184019654370958,NA
18,033,3.0792509142650126,NA
18,035,3.173005772573588,NA
18,037,3.5304485741316927,NA
18,039,3.104655445337399,NA
18,041,2.9011325138477844,NA
18,043,3.348953863706983,NA
18,045,3.178092760458182,NA
18,047,3.3000391736731123,NA
18,049,3.1077328929549286,NA
18,051,3.222716711510096,NA
18,053,3.0122323889142355,NA
18,055,3.360393932076248,NA
18,057,3.750805150326513,NA
18,059,3.537029399465972,NA
18,061,3.3681869737234287,NA
18,063,3.7691120674035883,NA
18,065,3.342711618713776,NA
18,067,3.060665036473598,NA
18,069,3.012094113137204,NA
18,071,2.982963220926294,NA
18,073,3.2504636955624564,NA
18,075,3.321389957794913,NA
18,077,3.172341959658275,NA
18,079,3.102872025775301,NA
18,081,3.4623647287981028,NA
18,083,3.148741967823985,NA
18,085,3.132100616393035,NA
18,087,3.2359227908188815,NA
18,089,3.1185161310051326,NA
18,091,3.26239922755035,NA
18,093,3.2023172320487747,NA
18,095,3.06096955365622,NA
18,097,2.793801905084899,NA
18,099,3.103995796292149,NA
18,101,3.349878262988068,NA
18,103,3.1724860754939033,NA
18,105,3.4102511474333634,NA
18,107,3.082655033771063,NA
18,109,3.344751008649191,NA
18,111,3.1965858142639476,NA
18,113,3.0143782524102134,NA
18,115,3.1426622747821886,NA
18,117,3.14222517922626,NA
18,119,3.194412083345651,NA
18,121,3.149036198567166,NA
18,123,3.1522930565865037,NA
18,125,3.0383661842746137,NA
18,127,3.511966984125208,NA
18,129,3.763771894491043,NA
18,131,3.2908344649260597,NA
18,133,3.360235400422587,NA
18,135,3.3534604057154143,NA
18,137,3.297800496075955,NA
18,139,3.1345533659405103,NA
18,141,2.987478210742701,NA
18,143,3.2992612248580713,NA
18,145,3.363356283015931,NA
18,147,3.806700504020762,NA
18,149,2.9445807175439604,NA
18,151,3.058468253361766,NA
18,153,3.326679413574724,NA
18,155,2.9375882098269614,NA
18,157,3.2998567779782886,NA
18,159,3.56331723769956,NA
18,161,2.927667296750588,NA
18,163,3.0881936783232438,NA
18,165,2.9445300465008635,NA
18,167,3.1694282763906854,NA
18,169,3.049034634206221,NA
18,171,3.1217809430314043,NA
18,173,3.5592241166884007,NA
18,175,3.355893577463049,NA
18,177,2.9235016123598303,NA
18,179,3.1722479588399195,NA
18,181,3.2857316908835177,NA
18,183,3.1733350897887895,NA
19,000,3.0320728526929055,NA
19,001,3.4301295862929617,NA
19,003,2.9656499609889866,NA
19,005,3.0229444929552867,NA
19,007,2.5571779593698656,NA
19,009,2.5910902108226117,NA
19,011,3.201396025500369,NA
19,013,2.7697972392330668,NA
19,015,2.9355883204162065,NA
19,017,3.291997363123889,NA
19,019,3.0159441107651377,NA
19,021,2.6403401031181324,NA
19,023,3.2222336355217225,NA
19,025,3.0637134814748617,NA
19,027,2.8784994285140226,NA
19,029,2.9142114210405268,NA
19,031,2.8818478624814166,NA
19,033,2.4707394644097107,NA
19,035,2.929887337942957,NA
19,037,3.0769366544816252,NA
19,039,2.481797423421214,NA
19,041,3.274836114294187,NA
19,043,3.0100079306182006,NA
19,045,3.126164629322243,NA
19,047,2.554373839474217,NA
19,049,3.520771243279285,NA
19,051,3.1164931177374213,NA
19,053,2.7113927236476068,NA
19,055,3.300925336487616,NA
19,057,2.8546331740789177,NA
19,059,3.0544587757857093,NA
19,061,3.109044328308896,NA
19,063,2.8706412942490207,NA
19,065,3.1386853281291014,NA
19,067,2.7363522156800393,NA
19,069,3.127895944389786,NA
19,071,2.989220775705995,NA
19,073,2.6621182088823465,NA
19,075,3.216394298595258,NA
19,077,3.280275028289778,NA
19,079,3.083643566343169,NA
19,081,3.0078584069769447,NA
19,083,3.071783461054807,NA
19,085,3.0477851257173807,NA
19,087,2.672873818769391,NA
19,089,3.2533840317534444,NA
19,091,3.2528803064363996,NA
19,093,3.1555499859674274,NA
19,095,3.0310233067486894,NA
19,097,2.771119403104385,NA
19,099,3.243945279995007,NA
19,101,3.3257590348094337,NA
19,103,3.1746388102041836,NA
19,105,2.7543369769484296,NA
19,107,3.0559266269902494,NA
19,109,3.0195254522430965,NA
19,111,2.921775450886913,NA
19,113,2.9911556823235914,NA
19,115,2.958555919383704,NA
19,117,3.0072369569997273,NA
19,119,3.201498492569442,NA
19,121,2.952884058727776,NA
19,123,3.0351204155226563,NA
19,125,3.023928511386936,NA
19,127,2.8126231835978923,NA
19,129,3.396858940159871,NA
19,131,3.2642676605504026,NA
19,133,2.8340200324773783,NA
19,135,3.496089656688295,NA
19,137,3.001655128066104,NA
19,139,3.0276210934583854,NA
19,141,3.171935630767466,NA
19,143,3.447194196737139,NA
19,145,2.885404846279156,NA
19,147,2.7907285774458086,NA
19,149,3.2071830801726335,NA
19,151,3.2435267905656153,NA
19,153,2.9850182741654723,NA
19,155,2.9167399103528684,NA
19,157,3.0526460125758295,NA
19,159,3.274917297371671,NA
19,161,2.97059640830169,NA
19,163,3.1936373795863218,NA
19,165,3.0796225406900763,NA
19,167,3.1772383223244667,NA
19,169,3.383277640301176,NA
19,171,2.7069937009402825,NA
19,173,3.308223701696515,NA
19,175,2.576600374220497,NA
19,177,2.660333112223359,NA
19,179,2.77765675643031,NA
19,181,3.297249373432694,NA
19,183,2.6537721313418854,NA
19,185,2.8691903131511576,NA
19,187,2.694942445542536,NA
19,189,3.043990224087754,NA
19,191,3.5191676030291426,NA
19,193,2.9377481411883863,NA
19,195,2.8994045187198765,NA
19,197,2.719345927265756,NA
20,000,2.972014637626473,NA
20,001,2.7189527536846887,NA
20,003,3.1851275450589105,NA
20,005,2.84166354779812,NA
20,007,2.842521100541827,NA
20,009,3.0401758416572062,NA
20,011,2.469693399034102,NA
20,013,2.815846567192761,NA
20,015,3.1283136940370935,NA
20,017,2.9903381590647027,NA
20,019,2.906456919221553,NA
20,021,3.0642300078264695,NA
20,023,3.5668809710529708,NA
20,025,3.2739008735468595,NA
20,027,3.2808132076688867,NA
20,029,3.1745497923797705,NA
20,031,3.204120872689281,NA
20,033,3.3322603385856264,NA
20,035,2.5490185248896893,NA
20,037,2.821075089722786,NA
20,039,2.9585175281784335,NA
20,041,3.1742215992885288,NA
20,043,2.767268675849491,NA
20,045,3.058947608822689,NA
20,047,3.4324735777581217,NA
20,049,3.0325361674298517,NA
20,051,3.1146095809206393,NA
20,053,3.4539362573178685,NA
20,055,2.648244178964006,NA
20,057,2.6344250808402623,NA
20,059,2.9087672926103343,NA
20,061,3.056101281745116,NA
20,063,3.0626895835904246,NA
20,065,2.8529593290910276,NA
20,067,2.351225145779141,NA
20,069,3.0212307149334285,NA
20,071,2.7335795223358783,NA
20,073,3.040782300153949,NA
20,075,3.108922501034121,NA
20,077,2.9570384703303434,NA
20,079,2.949983620459483,NA
20,081,2.8736739408163,NA
20,083,NA,NA
20,085,3.1149383101517905,NA
20,087,3.0917548246704647,NA
20,089,3.508270120580171,NA
20,091,3.3806578126020574,NA
20,093,2.500319628628739,NA
20,095,2.8461958212832252,NA
20,097,4.004942779043811,NA
20,099,2.996775938740328,NA
20,101,NA,NA
20,103,3.066692863232218,NA
20,105,3.180795605567762,NA
20,107,3.059182868012844,NA
20,109,NA,NA
20,111,2.8158556997815523,NA
20,113,2.9933007387696255,NA
20,115,3.1397362293134816,NA
20,117,3.3322075707870793,NA
20,119,3.0331740186039533,NA
20,121,3.0615447289460045,NA
20,123,3.199989266669081,NA
20,125,2.8975598843425447,NA
20,127,3.1074885681041913,NA
20,129,3.2176750450060183,NA
20,131,3.1779704964792006,NA
20,133,2.965751045911839,NA
20,135,NA,NA
20,137,NA,NA
20,139,2.9428617641387076,NA
20,141,3.077129041467947,NA
20,143,2.9233272070083913,NA
20,145,3.2309579334091723,NA
20,147,3.238492987675892,NA
20,149,3.2409283528204083,NA
20,151,3.0470887451902766,NA
20,153,3.053399467493227,NA
20,155,2.7996930125500894,NA
20,157,3.031283874392402,NA
20,159,3.014397068953313,NA
20,161,3.1645702572292276,NA
20,163,2.67288123270601,NA
20,165,3.746131871261641,NA
20,167,2.7398868901238553,NA
20,169,2.672812590109774,NA
20,171,2.941369461805132,NA
20,173,2.742707395637618,NA
20,175,2.1684223245342613,NA
20,177,2.843729209398106,NA
20,179,2.9758810590422327,NA
20,181,3.370830524038282,NA
20,183,3.259377665457435,NA
20,185,2.879034299669684,NA
20,187,3.302226391714257,NA
20,189,3.1774489388697296,NA
20,191,2.781104043813754,NA
20,193,3.200865355256388,NA
20,195,NA,NA
20,197,3.6571888994406057,NA
20,199,NA,NA
20,201,2.9577140779340803,NA
20,203,3.456387794998958,NA
20,205,2.5941167990612777,NA
20,207,2.678462410101005,NA
20,209,2.6912391401271805,NA
21,000,3.0036156031267827,NA
21,001,3.0395183954011173,NA
21,003,2.9653544874686886,NA
21,005,2.9687682426512927,NA
21,007,3.13119821506765,NA
21,009,3.0221269729049047,NA
21,011,3.385461105368437,NA
21,013,2.734611788269516,NA
21,015,3.141058713126781,NA
21,017,2.638157153985883,NA
21,019,2.9863823099261313,NA
21,021,3.454130195253711,NA
21,023,2.8647742730322916,NA
21,025,2.6446651982969214,NA
21,027,3.0958333772372053,NA
21,029,2.8977298129678144,NA
21,031,3.0257613940367745,NA
21,033,3.11239064906073,NA
21,035,3.5673746564506024,NA
21,037,3.1640304613925965,NA
21,039,2.6828444740838395,NA
21,041,1.953201171753614,NA
21,043,3.18063138155669,NA
21,045,3.2236309333810653,NA
21,047,2.7607533870531906,NA
21,049,2.9780173370822234,NA
21,051,3.588587387193158,NA
21,053,2.8236924395726732,NA
21,055,2.9118416771185314,NA
21,057,3.149374211821142,NA
21,059,3.093600760004385,NA
21,061,3.3344767671797095,NA
21,063,2.90850825305898,NA
21,065,2.5948650001882605,NA
21,067,3.1022603989550994,NA
21,069,3.1480881675928094,NA
21,071,2.8872173545626354,NA
21,073,2.9811387484177994,NA
21,075,2.291596747069608,NA
21,077,2.6723087137145987,NA
21,079,2.8848094647260125,NA
21,081,2.7707579824372375,NA
21,083,3.094805843445345,NA
21,085,3.053093177807319,NA
21,087,3.493885151088087,NA
21,089,3.2069199557252914,NA
21,091,2.662416320492407,NA
21,093,2.9868028628522634,NA
21,095,3.0585969093922927,NA
21,097,3.0322194153430506,NA
21,099,3.0221794453690918,NA
21,101,3.3509219910517216,NA
21,103,2.8947352880725976,NA
21,105,2.621643876027546,NA
21,107,3.0682344308490945,NA
21,109,2.9883470342381364,NA
21,111,2.71250719952289,NA
21,113,3.0579371990412803,NA
21,115,2.894912775500952,NA
21,117,3.165102160645971,NA
21,119,2.8402915925464938,NA
21,121,2.800482849326775,NA
21,123,2.6372951637067734,NA
21,125,3.4083752373314136,NA
21,127,2.947044647593721,NA
21,129,2.8572356614574854,NA
21,131,3.0416824229385235,NA
21,133,2.808051956201089,NA
21,135,2.6518877741528333,NA
21,137,2.9340964193673904,NA
21,139,2.7202484339087687,NA
21,141,2.9882386049462357,NA
21,143,4.127064308140545,NA
21,145,3.387040792537448,NA
21,147,3.101722400488749,NA
21,149,3.13253663099969,NA
21,151,2.947922320567919,NA
21,153,2.9324800794602037,NA
21,155,3.114532135639722,NA
21,157,2.7644318343026866,NA
21,159,2.686806258943216,NA
21,161,2.6354222255170368,NA
21,163,3.4599506185541493,NA
21,165,2.921847339258938,NA
21,167,2.8700325559375863,NA
21,169,2.554138004190696,NA
21,171,3.7575364912388083,NA
21,173,3.0480473199786875,NA
21,175,3.1874042710806854,NA
21,177,3.139705988713278,NA
21,179,2.8401261990989055,NA
21,181,3.160582872867675,NA
21,183,2.8919588736954696,NA
21,185,3.224435450025558,NA
21,187,2.9085839366932444,NA
21,189,3.20547940769303,NA
21,191,2.948009644427119,NA
21,193,3.265777795833763,NA
21,195,3.1990688361379633,NA
21,197,2.5078998822240886,NA
21,199,3.492352599034016,NA
21,201,3.2404708248895533,NA
21,203,3.2782917382174688,NA
21,205,2.930282612656841,NA
21,207,2.908208211636045,NA
21,209,2.9771979626245093,NA
21,211,2.7272000402031735,NA
21,213,3.24514998095676,NA
21,215,3.319800332790426,NA
21,217,3.1932753409412173,NA
21,219,3.4699290052614393,NA
21,221,2.8765254465383943,NA
21,223,2.403023191215177,NA
21,225,3.0609268574916837,NA
21,227,2.895814890988776,NA
21,229,2.7530827246069633,NA
21,231,2.9632362094556,NA
21,233,2.963820946400898,NA
21,235,3.195193065294516,NA
21,237,2.530438629791711,NA
21,239,3.0990180655422397,NA
22,000,2.708523756122381,NA
22,001,2.8060698467484433,NA
22,003,2.768723675342146,NA
22,005,2.9865078046554903,NA
22,007,2.526441064219791,NA
22,009,2.594185933237497,NA
22,011,2.6109995188114516,NA
22,013,2.6757147559342007,NA
22,015,2.9651192893877356,NA
22,017,2.497154197071111,NA
22,019,2.7859576191439106,NA
22,021,2.8761378336989245,NA
22,023,3.350649082731058,NA
22,025,2.3454977499021727,NA
22,027,2.492291545042311,NA
22,029,2.648332656119861,NA
22,031,2.914861479361573,NA
22,033,2.6366275020735697,NA
22,035,2.0340413832604813,NA
22,037,2.6338860441877525,NA
22,039,2.7902008958051923,NA
22,041,2.383220220229407,NA
22,043,2.435487051174566,NA
22,045,2.886344063788349,NA
22,047,2.793026149347969,NA
22,049,2.2670611655672372,NA
22,051,2.674515113979808,NA
22,053,2.9070009675826736,NA
22,055,2.835151267353376,NA
22,057,2.9159736793628874,NA
22,059,2.8957327851003996,NA
22,061,2.7552454585121415,NA
22,063,2.900757192583012,NA
22,065,NA,NA
22,067,2.270730842612258,NA
22,069,2.4641403556849846,NA
22,071,2.4048534902081187,NA
22,073,2.6496661049298127,NA
22,075,3.14766758041375,NA
22,077,2.158643040873997,NA
22,079,2.5653725865872037,NA
22,081,2.327995164303805,NA
22,083,2.317848133894256,NA
22,085,2.5636124724897615,NA
22,087,2.952670969572051,NA
22,089,2.9100495789685485,NA
22,091,1.858684673857536,NA
22,093,3.0253036342616624,NA
22,095,2.3398366218413673,NA
22,097,2.6786990043109635,NA
22,099,2.988834969782454,NA
22,101,2.7690942774132674,NA
22,103,3.10225429767839,NA
22,105,2.2109400780991946,NA
22,107,2.684146623307096,NA
22,109,2.8345546156220833,NA
22,111,2.428643632512613,NA
22,113,3.057662364481779,NA
22,115,NA,NA
22,117,2.486719802006426,NA
22,119,2.4610728893144738,NA
22,121,2.625786539515875,NA
22,123,2.4268012758502073,NA
22,125,3.029862234941456,NA
22,127,2.383945006025924,NA
23,000,3.0446557192551196,NA
23,001,2.7302164641513644,NA
23,003,2.995673252501091,NA
23,005,3.2523842684572744,NA
23,007,2.8527537100196296,NA
23,009,2.904311804852646,NA
23,011,2.9588417111813485,NA
23,013,3.088013227651704,NA
23,015,2.9977500162996904,NA
23,017,2.7946304126372654,NA
23,019,3.11930024277096,NA
23,021,3.0473292436424693,NA
23,023,2.904296948496022,NA
23,025,2.8781189625555044,NA
23,027,2.7303115641237206,NA
23,029,3.134465541252196,NA
23,031,3.1906076774401573,NA
24,000,2.955757873875184,NA
24,001,3.0475666585636048,NA
24,003,3.0625742843520083,NA
24,005,2.8555911013275845,NA
24,009,3.367728355071146,NA
24,011,2.8716051544794277,NA
24,013,3.546482173123406,NA
24,015,2.8422635341379703,NA
24,017,2.8872016532766334,NA
24,019,2.6498889040356337,NA
24,021,3.1668337516883547,NA
24,023,2.76936799531051,NA
24,025,3.255975244965773,NA
24,027,3.401640377109305,NA
24,029,2.6283325253177194,NA
24,031,3.319893325542976,NA
24,033,2.51470770502444,NA
24,035,3.329348626138428,NA
24,037,3.0913668027026544,NA
24,039,2.5507660852138887,NA
24,041,2.9564133589022785,NA
24,043,2.8978537170566527,NA
24,045,2.8840893395932907,NA
24,047,3.6509442484760672,NA
24,510,2.212389885158751,NA
25,000,3.2003089085759426,NA
25,001,3.247781738596633,NA
25,003,2.9978066086775375,NA
25,005,3.1269519316381897,NA
25,007,3.1366097847423844,NA
25,009,3.1272201419957084,NA
25,011,2.905945506696747,NA
25,013,2.9052259572830814,NA
25,015,3.037796184037711,NA
25,017,3.44164383816023,NA
25,019,3.036702384709289,NA
25,021,3.5154642481581737,NA
25,023,3.180457108871772,NA
25,025,2.881621633050502,NA
25,027,3.1040741725187333,NA
26,000,2.845621316541412,NA
26,001,2.3830222625519735,NA
26,003,2.540275459389677,NA
26,005,3.102257040975968,NA
26,007,2.8027386605512317,NA
26,009,2.757202017218286,NA
26,011,3.3176201124035076,NA
26,013,3.1892225599365753,NA
26,015,2.8972241956989966,NA
26,017,2.8161717904012704,NA
26,019,NA,NA
26,021,2.9253215709912306,NA
26,023,2.7928870003864987,NA
26,025,2.567253307949572,NA
26,027,2.9775511046409977,NA
26,029,3.0327968946116717,NA
26,031,2.7864407855164472,NA
26,033,2.8401867608722178,NA
26,035,2.3429640225761768,NA
26,037,3.1093193277248776,NA
26,039,3.241159130638707,NA
26,041,2.886133417412438,NA
26,043,3.228363124741047,NA
26,045,2.856950970640102,NA
26,047,3.038481123315849,NA
26,049,2.7341801614388284,NA
26,051,2.609942451099801,NA
26,053,2.8572585974029643,NA
26,055,3.07901397872717,NA
26,057,2.6554571722544265,NA
26,059,2.705039044720639,NA
26,061,3.3443727200752535,NA
26,063,2.925403005300744,NA
26,065,3.036083893036919,NA
26,067,2.7619206745839153,NA
26,069,2.89142580059432,NA
26,071,2.9303847633801063,NA
26,073,2.877664335872208,NA
26,075,2.80215943005266,NA
26,077,2.8162982545704986,NA
26,079,2.858626719239558,NA
26,081,3.032786425361563,NA
26,083,NA,NA
26,085,3.019766954968453,NA
26,087,2.955417056953817,NA
26,089,2.749783302687033,NA
26,091,2.8383957960648196,NA
26,093,3.1447702721752626,NA
26,095,2.5734662571086195,NA
26,097,2.9320922377898717,NA
26,099,2.8628257575403384,NA
26,101,2.846549729506943,NA
26,103,3.0707878155174746,NA
26,105,2.903708263990632,NA
26,107,2.9580730412783343,NA
26,109,2.9332686031325004,NA
26,111,3.0516754713673198,NA
26,113,3.043640656783163,NA
26,115,2.8642261951156254,NA
26,117,2.769926064040725,NA
26,119,2.309973261285499,NA
26,121,2.6856649757618722,NA
26,123,2.582510495220546,NA
26,125,3.0627112906002023,NA
26,127,2.6374865201554103,NA
26,129,2.8797601990060753,NA
26,131,2.9901195310414064,NA
26,133,2.7333822005433337,NA
26,135,2.47788923521097,NA
26,137,2.9219812671617276,NA
26,139,3.342083906732026,NA
26,141,2.9998681944576218,NA
26,143,2.6348724370244923,NA
26,145,2.656619448545666,NA
26,147,2.8839804754202114,NA
26,149,2.6933216333357377,NA
26,151,2.9532979913852504,NA
26,153,2.4401515026842073,NA
26,155,2.749022511046431,NA
26,157,2.9920186589729947,NA
26,159,2.952733446887761,NA
26,161,3.1913352186838195,NA
26,163,2.5194346709516076,NA
26,165,2.9676561208932637,NA
27,000,3.3009138814546533,NA
27,001,3.023452570298409,NA
27,003,3.45378648120367,NA
27,005,3.3230756985407663,NA
27,007,2.893422515342327,NA
27,009,3.396774101009543,NA
27,011,3.1188208350791444,NA
27,013,3.6428254011102563,NA
27,015,3.221054777163779,NA
27,017,3.63719803891148,NA
27,019,3.604985313198968,NA
27,021,2.9336276973360844,NA
27,023,3.1355822412441827,NA
27,025,3.424616314695063,NA
27,027,3.21296725721795,NA
27,029,3.2946003696952957,NA
27,031,2.9866749041736718,NA
27,033,2.9706998702965857,NA
27,035,3.3743619760314374,NA
27,037,3.3573124352785806,NA
27,039,3.5140845671787018,NA
27,041,3.4548456366218376,NA
27,043,3.4962598605100172,NA
27,045,3.4475338172626664,NA
27,047,3.010899033547078,NA
27,049,3.0291607696081235,NA
27,051,3.3753880539834196,NA
27,053,3.2914904633871047,NA
27,055,3.249166009444205,NA
27,057,3.246600443525126,NA
27,059,3.3142867669494724,NA
27,061,3.1801888160592724,NA
27,063,3.165995410422824,NA
27,065,3.1756538753126615,NA
27,067,3.0156444241813265,NA
27,069,3.6330504236292374,NA
27,071,3.1676232788199834,NA
27,073,3.345017654304556,NA
27,075,3.441268717608681,NA
27,077,2.570411632119101,NA
27,079,3.4149815553766327,NA
27,081,3.2459758675414014,NA
27,083,3.3848823025525068,NA
27,085,3.299227046133371,NA
27,087,2.6390334054439517,NA
27,089,3.5633909356107893,NA
27,091,3.1101552950886817,NA
27,093,3.391308890703631,NA
27,095,3.30927015967524,NA
27,097,3.331370276964056,NA
27,099,2.961839715666757,NA
27,101,3.5702733917147285,NA
27,103,3.608239414144565,NA
27,105,2.793821820959122,NA
27,107,3.196319106521436,NA
27,109,3.3785166500607975,NA
27,111,3.4127502840487565,NA
27,113,3.2509756673056374,NA
27,115,3.088414249839695,NA
27,117,3.1824704329059825,NA
27,119,3.279077328701599,NA
27,121,3.7365960763801422,NA
27,123,2.8790611797540273,NA
27,125,3.588616780500052,NA
27,127,3.296606690365565,NA
27,129,3.459789358401178,NA
27,131,3.2032623098821915,NA
27,133,3.414750853486679,NA
27,135,3.3147622186200336,NA
27,137,3.3135320344412333,NA
27,139,3.4885267428904227,NA
27,141,3.4431563067745365,NA
27,143,3.2612748476357845,NA
27,145,3.2863083965143063,NA
27,147,3.1548525914130474,NA
27,149,3.4894866581693584,NA
27,151,3.315787288799208,NA
27,153,3.0029312146611704,NA
27,155,3.717897703033453,NA
27,157,3.453495725186879,NA
27,159,NA,NA
27,161,2.8595098629171902,NA
27,163,3.524084329416059,NA
27,165,3.409513418484986,NA
27,167,3.214437225012043,NA
27,169,3.265877745419818,NA
27,171,3.6199341908026286,NA
27,173,3.220933915969765,NA
28,000,3.109417187410108,NA
28,001,2.7532787453892706,NA
28,003,3.321817576859975,NA
28,005,2.345084052606711,NA
28,007,3.225137654799083,NA
28,009,3.2800507196696285,NA
28,011,2.509016858683379,NA
28,013,2.965135607682369,NA
28,015,3.1632477482977217,NA
28,017,3.292736012834398,NA
28,019,3.1814240647467678,NA
28,021,2.5069916565204293,NA
28,023,2.9918125546786865,NA
28,025,2.936969188533724,NA
28,027,2.376143842997453,NA
28,029,2.9278479311590524,NA
28,031,2.8381541437188953,NA
28,033,3.2881333088318,NA
28,035,3.2155900624315485,NA
28,037,3.0870497032357997,NA
28,039,2.808709593132935,NA
28,041,3.1047495911113505,NA
28,043,3.545894104130201,NA
28,045,3.244882997373457,NA
28,047,3.3954374690052678,NA
28,049,2.7830925096924464,NA
28,051,2.311487996436643,NA
28,053,2.332369177355432,NA
28,055,NA,NA
28,057,3.144593231866764,NA
28,059,3.269137539982722,NA
28,061,3.18853029410538,NA
28,063,2.251736918633403,NA
28,065,2.573760693270488,NA
28,067,3.054213114376241,NA
28,069,2.6318031680004506,NA
28,071,3.936937550403606,NA
28,073,3.467999193154953,NA
28,075,2.886138008758546,NA
28,077,3.1269761414097705,NA
28,079,2.535702313625044,NA
28,081,3.289514894280155,NA
28,083,2.5051876996490026,NA
28,085,2.8367751084798334,NA
28,087,3.0339798870449854,NA
28,089,3.449261179489069,NA
28,091,3.2221532862828854,NA
28,093,2.735647774303748,NA
28,095,3.291827730428598,NA
28,097,2.9379679139762196,NA
28,099,3.0334695630873023,NA
28,101,3.2482372053376496,NA
28,103,2.31705873764031,NA
28,105,3.032493310842449,NA
28,107,3.2047718104816094,NA
28,109,2.885746029973165,NA
28,111,2.9671719765041753,NA
28,113,3.0961839684364914,NA
28,115,3.5135088567176345,NA
28,117,3.196015952583405,NA
28,119,3.195246523401966,NA
28,121,3.3483379764520516,NA
28,123,3.1172976514380992,NA
28,125,2.619821360164168,NA
28,127,2.9204449931128895,NA
28,129,3.28975085884858,NA
28,131,3.2879324551749884,NA
28,133,3.0513518836851428,NA
28,135,2.380195028404338,NA
28,137,3.126199078639168,NA
28,139,3.1211877491196267,NA
28,141,3.1964949832807683,NA
28,143,3.0972636917110004,NA
28,145,3.7092660967683866,NA
28,147,2.756287089618041,NA
28,149,3.034587657302009,NA
28,151,2.8989837107959575,NA
28,153,2.7151274452552903,NA
28,155,3.101030929467038,NA
28,157,2.9937057051828124,NA
28,159,3.1034258863625537,NA
28,161,2.7867131683361928,NA
28,163,2.7356833839427503,NA
29,000,2.9530944892082296,NA
29,001,3.0858478892752603,NA
29,003,3.148164701387198,NA
29,005,2.985226804787027,NA
29,007,2.8807589051425957,NA
29,009,2.6950472081164665,NA
29,011,2.9646201754860413,NA
29,013,2.9322936431353264,NA
29,015,3.1657554855611014,NA
29,017,2.6506102649654193,NA
29,019,2.7951047784435983,NA
29,021,2.7530118435899005,NA
29,023,3.5328571880654764,NA
29,025,3.2629018723355125,NA
29,027,2.968583039127534,NA
29,029,2.946807588847577,NA
29,031,2.827758479165811,NA
29,033,2.923008851449782,NA
29,035,2.5743283419547542,NA
29,037,3.0374763429902036,NA
29,039,2.873240804622484,NA
29,041,3.33045335362703,NA
29,043,3.3258478277334107,NA
29,045,2.678275348181274,NA
29,047,3.1988499047978305,NA
29,049,2.962131094714528,NA
29,051,2.8139662160614853,NA
29,053,2.7635992384198067,NA
29,055,2.9367527861243263,NA
29,057,3.0051965676500236,NA
29,059,2.9103573120773154,NA
29,061,3.063589518720966,NA
29,063,3.054520364505085,NA
29,065,2.8205027793818753,NA
29,067,3.0016032383784323,NA
29,069,2.7680821943550544,NA
29,071,3.2322276390755476,NA
29,073,2.9711683019227757,NA
29,075,3.1290052928929897,NA
29,077,2.8691961107808135,NA
29,079,2.9036236495468453,NA
29,081,2.8325768079591644,NA
29,083,2.6420294125381947,NA
29,085,3.6067399554794557,NA
29,087,3.292299113432236,NA
29,089,2.491743110339919,NA
29,091,2.832308614076972,NA
29,093,3.0840441948225177,NA
29,095,2.828771943268886,NA
29,097,2.988228461079586,NA
29,099,3.1909573908152944,NA
29,101,2.9903095960859774,NA
29,103,3.26687314693945,NA
29,105,2.762343685973246,NA
29,107,2.786121648698109,NA
29,109,2.6009703069131898,NA
29,111,2.8423845349913983,NA
29,113,2.8716019312769046,NA
29,115,3.513937836264292,NA
29,117,3.315427693665235,NA
29,119,3.0650202239995092,NA
29,121,3.4582925429749514,NA
29,123,2.7510660103425,NA
29,125,3.389224198993324,NA
29,127,3.0681443690184538,NA
29,129,3.294100552674501,NA
29,131,3.0545305176950905,NA
29,133,2.7717774795213006,NA
29,135,2.851056351554263,NA
29,137,2.908685918531289,NA
29,139,2.906343732077577,NA
29,141,2.6789385729471524,NA
29,143,3.175444364711408,NA
29,145,2.718665435554486,NA
29,147,3.0590647405113067,NA
29,149,2.782557887513753,NA
29,151,3.194364410026485,NA
29,153,3.082410019394544,NA
29,155,2.606368149842805,NA
29,157,2.7918752252324586,NA
29,159,3.045006562048338,NA
29,161,3.0289919673244956,NA
29,163,3.0407020436081256,NA
29,165,3.1953024113195054,NA
29,167,2.8620009687800945,NA
29,169,3.040295989901989,NA
29,171,3.4566857760553384,NA
29,173,3.061397033281192,NA
29,175,2.751164111986469,NA
29,177,3.0293441705846216,NA
29,179,3.1058416390055257,NA
29,181,2.8942307180130262,NA
29,183,3.2549687659658098,NA
29,185,2.7278280291007255,NA
29,186,3.308487889632109,NA
29,187,3.2111765527255036,NA
29,189,2.937301766583838,NA
29,195,2.916341979941222,NA
29,197,2.890807870377284,NA
29,199,3.279176515807472,NA
29,201,2.7956347420666736,NA
29,203,3.0438125415062234,NA
29,205,3.103805051208476,NA
29,207,3.1941927926332325,NA
29,209,2.837914708731921,NA
29,211,2.848838220546428,NA
29,213,3.277591544155746,NA
29,215,2.769975478285864,NA
29,217,2.4352803449565523,NA
29,219,3.007310625647058,NA
29,221,3.239086191657219,NA
29,223,2.9392186067047823,NA
29,225,2.808860069600287,NA
29,227,2.8522968385137077,NA
29,229,3.265450975189964,NA
29,510,2.1345305726926105,NA
30,000,3.0303371207726535,NA
30,001,3.111062398723474,NA
30,003,1.991912596453665,NA
30,005,2.9132404320755243,NA
30,007,3.3343443445319907,NA
30,009,3.1024840027295735,NA
30,011,NA,NA
30,013,2.9241754316732353,NA
30,015,3.4528519867704803,NA
30,017,2.7768182692370353,NA
30,019,3.4943174278131286,NA
30,021,2.655955782305786,NA
30,023,2.624696510130038,NA
30,025,3.0136841155262335,NA
30,027,3.20992532499459,NA
30,029,3.191174552175807,NA
30,031,3.4727572921799776,NA
30,033,NA,NA
30,035,2.420913589277767,NA
30,037,NA,NA
30,039,NA,NA
30,041,2.9402999597882933,NA
30,043,3.3221143763212004,NA
30,045,3.5009534058093656,NA
30,047,2.6598319674349082,NA
30,049,3.0785066970477266,NA
30,051,NA,NA
30,053,3.505494050830266,NA
30,055,NA,NA
30,057,3.093444278872161,NA
30,059,NA,NA
30,061,2.7220615979803746,NA
30,063,3.182539575354251,NA
30,065,3.121238527089969,NA
30,067,2.8376657434394374,NA
30,069,NA,NA
30,071,2.928318782013866,NA
30,073,2.595755426786394,NA
30,075,2.8319818606237597,NA
30,077,3.0534198496094147,NA
30,079,NA,NA
30,081,2.855044237937752,NA
30,083,3.045806228049654,NA
30,085,2.2306974290850654,NA
30,087,2.59195060192843,NA
30,089,2.874746191558978,NA
30,091,2.9710663324978697,NA
30,093,3.1497617649019336,NA
30,095,3.0375910975218785,NA
30,097,2.9627140154520477,NA
30,099,3.2640974333334323,NA
30,101,2.717276417249476,NA
30,103,NA,NA
30,105,NA,NA
30,107,3.1401759684377297,NA
30,109,NA,NA
30,111,2.9683780314209556,NA
31,000,3.1640838360286825,NA
31,001,3.15889600338931,NA
31,003,3.1820957893454507,NA
31,005,NA,NA
31,007,NA,NA
31,009,NA,NA
31,011,3.382151391659008,NA
31,013,2.5717188750611673,NA
31,015,NA,NA
31,017,2.7869244970772615,NA
31,019,3.3369103934192053,NA
31,021,3.309167853456627,NA
31,023,3.453976872435046,NA
31,025,3.1270288628056226,NA
31,027,3.1325979997159363,NA
31,029,3.431401870207151,NA
31,031,3.4731531696344335,NA
31,033,3.2208582229568337,NA
31,035,3.1263924274217336,NA
31,037,3.21240415030862,NA
31,039,3.4621348006840567,NA
31,041,3.280164593810234,NA
31,043,3.1941398430272665,NA
31,045,3.132546149227544,NA
31,047,2.8187580366745744,NA
31,049,2.5043994423056106,NA
31,051,3.617446077223348,NA
31,053,2.811431599050209,NA
31,055,3.0982079974308383,NA
31,057,2.86314626889906,NA
31,059,3.0883629600460627,NA
31,061,3.5233002130711104,NA
31,063,2.893580564306196,NA
31,065,3.0156566274683487,NA
31,067,3.134897669563985,NA
31,069,NA,NA
31,071,NA,NA
31,073,NA,NA
31,075,NA,NA
31,077,3.8703049393477382,NA
31,079,3.0006372567740947,NA
31,081,3.6008546174266534,NA
31,083,3.099735195505479,NA
31,085,NA,NA
31,087,2.980853480899908,NA
31,089,3.251908460302236,NA
31,091,NA,NA
31,093,3.0231673458263977,NA
31,095,3.009852290749446,NA
31,097,3.1510838972259974,NA
31,099,3.123744628555221,NA
31,101,3.2494414191436816,NA
31,103,NA,NA
31,105,3.707052367289295,NA
31,107,2.9065373128956917,NA
31,109,3.2370981165698445,NA
31,111,3.3681468554162186,NA
31,113,NA,NA
31,115,NA,NA
31,117,NA,NA
31,119,3.0666219659005183,NA
31,121,3.2125908158365664,NA
31,123,3.3936260986289746,NA
31,125,3.3914210678259775,NA
31,127,3.0878588784920735,NA
31,129,2.784105479048127,NA
31,131,3.0230298862690126,NA
31,133,3.1091725701433335,NA
31,135,3.6270979841961974,NA
31,137,3.3549861200343605,NA
31,139,3.269511112888771,NA
31,141,3.264823534187723,NA
31,143,3.490715891338434,NA
31,145,3.0997949562758538,NA
31,147,3.3283520479781097,NA
31,149,NA,NA
31,151,3.073617155537154,NA
31,153,3.272074060620163,NA
31,155,3.4238691951665463,NA
31,157,3.3069086840448896,NA
31,159,3.66426259435352,NA
31,161,3.147885806513298,NA
31,163,2.721381056595864,NA
31,165,NA,NA
31,167,3.168992979745178,NA
31,169,3.2692358283965133,NA
31,171,NA,NA
31,173,1.327732264977392,NA
31,175,2.818442275980568,NA
31,177,3.2600592587121646,NA
31,179,2.8895110073082693,NA
31,181,2.868606700799893,NA
31,183,NA,NA
31,185,3.0197823428393553,NA
32,000,2.873407500311263,NA
32,001,2.912269032823568,NA
32,003,2.891379743604404,NA
32,005,3.0506602161497187,NA
32,007,2.7623134193730894,NA
32,009,NA,NA
32,011,2.995274178099277,NA
32,013,2.7925269910390735,NA
32,015,2.8389319549676224,NA
32,017,2.9273374209496397,NA
32,019,2.7993752808029244,NA
32,021,2.448310261392692,NA
32,023,2.491957757201314,NA
32,027,2.6767733841915855,NA
32,029,3.0160001453170158,NA
32,031,2.8668740047788552,NA
32,033,2.632313711642881,NA
32,510,2.8171630878431033,NA
33,000,3.160134595107796,NA
33,001,3.0065762650293175,NA
33,003,3.054846615627017,NA
33,005,3.183813656080659,NA
33,007,2.7615247338964193,NA
33,009,3.3546079038163574,NA
33,011,3.0816561387615384,NA
33,013,3.082249309173385,NA
33,015,3.3576156344587407,NA
33,017,3.1581656331953107,NA
33,019,2.935095174471596,NA
34,000,3.1759028073077173,NA
34,001,2.874012013380267,NA
34,003,3.5013422985425926,NA
34,005,3.110878567283101,NA
34,007,3.002522573590198,NA
34,009,3.0963570091035453,NA
34,011,2.6850284404136,NA
34,013,3.083958363109518,NA
34,015,3.1835841328735492,NA
34,017,3.0490942945971264,NA
34,019,3.441907728420082,NA
34,021,2.9847151383575987,NA
34,023,3.3132719293009973,NA
34,025,3.367072376146547,NA
34,027,3.5023778150060565,NA
34,029,3.051689430438726,NA
34,031,2.8831181977442033,NA
34,033,3.002044313139391,NA
34,035,3.441732362866439,NA
34,037,3.231886662729241,NA
34,039,3.131509863172087,NA
34,041,3.1277412856379847,NA
35,000,NA,NA
35,001,NA,NA
35,003,NA,NA
35,005,NA,NA
35,006,NA,NA
35,007,NA,NA
35,009,NA,NA
35,011,NA,NA
35,013,NA,NA
35,015,NA,NA
35,017,NA,NA
35,019,NA,NA
35,021,NA,NA
35,023,NA,NA
35,025,NA,NA
35,027,NA,NA
35,028,NA,NA
35,029,NA,NA
35,031,NA,NA
35,033,NA,NA
35,035,NA,NA
35,037,NA,NA
35,039,NA,NA
35,041,NA,NA
35,043,NA,NA
35,045,NA,NA
35,047,NA,NA
35,049,NA,NA
35,051,NA,NA
35,053,NA,NA
35,055,NA,NA
35,057,NA,NA
35,059,NA,NA
35,061,NA,NA
36,000,NA,NA
36,001,NA,NA
36,003,NA,NA
36,005,NA,NA
36,007,NA,NA
36,009,NA,NA
36,011,NA,NA
36,013,NA,NA
36,015,NA,NA
36,017,NA,NA
36,019,NA,NA
36,021,NA,NA
36,023,NA,NA
36,025,NA,NA
36,027,NA,NA
36,029,NA,NA
36,031,NA,NA
36,033,NA,NA
36,035,NA,NA
36,037,NA,NA
36,039,NA,NA
36,041,NA,NA
36,043,NA,NA
36,045,NA,NA
36,047,NA,NA
36,049,NA,NA
36,051,NA,NA
36,053,NA,NA
36,055,NA,NA
36,057,NA,NA
36,059,NA,NA
36,061,NA,NA
36,063,NA,NA
36,065,NA,NA
36,067,NA,NA
36,069,NA,NA
36,071,NA,NA
36,073,NA,NA
36,075,NA,NA
36,077,NA,NA
36,079,NA,NA
36,081,NA,NA
36,083,NA,NA
36,085,NA,NA
36,087,NA,NA
36,089,NA,NA
36,091,NA,NA
36,093,NA,NA
36,095,NA,NA
36,097,NA,NA
36,099,NA,NA
36,101,NA,NA
36,103,NA,NA
36,105,NA,NA
36,107,NA,NA
36,109,NA,NA
36,111,NA,NA
36,113,NA,NA
36,115,NA,NA
36,117,NA,NA
36,119,NA,NA
36,121,NA,NA
36,123,NA,NA
37,000,3.0557158384102223,NA
37,001,2.899739156529929,NA
37,003,3.135947466237834,NA
37,005,3.188992152355924,NA
37,007,2.8308665966054294,NA
37,009,2.9938220152811565,NA
37,011,2.8014014501543465,NA
37,013,3.1405702309576076,NA
37,015,2.6090432065128555,NA
37,017,2.7245202879661523,NA
37,019,3.208455905155096,NA
37,021,3.0869693031181815,NA
37,023,3.0646599431516792,NA
37,025,3.0539605429048273,NA
37,027,2.924116720820258,NA
37,029,3.702244435334707,NA
37,031,3.2952309758965277,NA
37,033,2.940821504839377,NA
37,035,3.0439714839564367,NA
37,037,3.3005451527824885,NA
37,039,3.0933117590973116,NA
37,041,3.341115010498027,NA
37,043,3.232259267370469,NA
37,045,3.22987024132258,NA
37,047,2.9419940850501733,NA
37,049,2.9051606089969417,NA
37,051,2.9006554312682034,NA
37,053,3.30249541763495,NA
37,055,3.1871603222991425,NA
37,057,3.1070207536191523,NA
37,059,3.0868595661190734,NA
37,061,2.6409432623429496,NA
37,063,2.7500248564822245,NA
37,065,2.3922196616795466,NA
37,067,2.9126395758307106,NA
37,069,2.9052996867253107,NA
37,071,2.878151914603258,NA
37,073,2.9411581930948354,NA
37,075,3.231896591786688,NA
37,077,2.9441987548693915,NA
37,079,2.588793590498824,NA
37,081,2.9877241253678246,NA
37,083,2.6227991334376717,NA
37,085,2.9003877273295497,NA
37,087,3.3097004360676037,NA
37,089,3.3035243961467273,NA
37,091,3.041372976027703,NA
37,093,3.0307025590172953,NA
37,095,2.538101708579892,NA
37,097,3.177869687150398,NA
37,099,2.940801675654903,NA
37,101,2.8719023477728807,NA
37,103,2.6733139818521456,NA
37,105,3.159396407525134,NA
37,107,2.6989536498123092,NA
37,109,3.284879186145984,NA
37,111,2.9468975358722296,NA
37,113,2.916939432474445,NA
37,115,3.347193036587835,NA
37,117,3.164535889381716,NA
37,119,3.22863100181476,NA
37,121,3.1444596352843206,NA
37,123,2.780163942266411,NA
37,125,3.1040163440500295,NA
37,127,2.641892651361575,NA
37,129,3.204744637195511,NA
37,131,2.709180748215642,NA
37,133,2.936228560390112,NA
37,135,3.239488073146395,NA
37,137,2.701412913153594,NA
37,139,2.896586685858842,NA
37,141,3.179310120484739,NA
37,143,3.0897425796025852,NA
37,145,2.9926564606376935,NA
37,147,2.9670840264165865,NA
37,149,3.575572903309218,NA
37,151,3.1885807165366593,NA
37,153,2.978206184689651,NA
37,155,2.8334634426562015,NA
37,157,2.954116085505114,NA
37,159,2.6058932207277303,NA
37,161,3.4408999460300196,NA
37,163,3.1184541731407385,NA
37,165,2.701184094553219,NA
37,167,2.939310279298744,NA
37,169,3.0889564954506503,NA
37,171,3.134610336588022,NA
37,173,2.825305939050792,NA
37,175,2.9944564847254833,NA
37,177,2.8884149065908056,NA
37,179,3.407550675016153,NA
37,181,3.044124980412374,NA
37,183,3.2549490627400837,NA
37,185,2.7193319951733366,NA
37,187,2.9351760468820562,NA
37,189,3.33655391300952,NA
37,191,2.902839517402118,NA
37,193,3.150660243455995,NA
37,195,3.0128548321383657,NA
37,197,3.238188961981422,NA
37,199,3.0570357267059527,NA
38,000,3.0856774234973603,NA
38,001,2.7077916139620974,NA
38,003,3.094536150004716,NA
38,005,2.475371418611062,NA
38,007,NA,NA
38,009,3.071948777632289,NA
38,011,3.1191761969748346,NA
38,013,2.658206987515745,NA
38,015,3.367331831452301,NA
38,017,3.132595026920787,NA
38,019,3.351377702465196,NA
38,021,3.2476679709853533,NA
38,023,2.8108776179244277,NA
38,025,2.9762253458261845,NA
38,027,3.2110086475899062,NA
38,029,3.8955824921336,NA
38,031,3.251863476562732,NA
38,033,3.3633055635208815,NA
38,035,3.1573080021188895,NA
38,037,3.4619841272108616,NA
38,039,2.3045001389634105,NA
38,041,3.03755071714041,NA
38,043,2.8672386416989073,NA
38,045,3.3063294658417,NA
38,047,3.462738378824047,NA
38,049,2.7989256341452853,NA
38,051,3.0514977959581064,NA
38,053,2.6362488260300143,NA
38,055,3.206894147032212,NA
38,057,3.231378318719547,NA
38,059,3.269124048847568,NA
38,061,2.54494974336517,NA
38,063,3.1986930517321226,NA
38,065,NA,NA
38,067,3.4116562720977335,NA
38,069,2.94144046204207,NA
38,071,3.4930600362384165,NA
38,073,3.1120762299473896,NA
38,075,3.4302911194936323,NA
38,077,3.0792050586125863,NA
38,079,2.7005035721230453,NA
38,081,2.951967724771494,NA
38,083,NA,NA
38,085,NA,NA
38,087,NA,NA
38,089,3.235018872468169,NA
38,091,NA,NA
38,093,3.2744522536791196,NA
38,095,NA,NA
38,097,3.295173269597651,NA
38,099,2.8116342539400345,NA
38,101,3.0082017456211334,NA
38,103,3.054353741427928,NA
38,105,2.677478378738175,NA
39,000,2.981363720618991,NA
39,001,3.0025654142853866,NA
39,003,3.1688869686290895,NA
39,005,3.0655130367342425,NA
39,007,2.9511005554060445,NA
39,009,2.7933837984772785,NA
39,011,3.3550888123235456,NA
39,013,3.1947684556398896,NA
39,015,3.117000558892114,NA
39,017,2.9639977419071912,NA
39,019,3.179762513275812,NA
39,021,2.865775457651565,NA
39,023,2.5434166785019636,NA
39,025,3.227307388324179,NA
39,027,3.1289902676255834,NA
39,029,3.0300798371053714,NA
39,031,3.3269856042188275,NA
39,033,2.6659760180662655,NA
39,035,2.7635031613774967,NA
39,037,3.206128281410025,NA
39,039,3.1276833953481025,NA
39,041,3.6098184792675054,NA
39,043,2.9917653483168816,NA
39,045,3.157613460451546,NA
39,047,3.279241658222068,NA
39,049,2.707033774216989,NA
39,051,3.4227965763411703,NA
39,053,2.791795932260493,NA
39,055,3.7368654313144924,NA
39,057,3.113819733188885,NA
39,059,2.893494063801026,NA
39,061,2.959240609368949,NA
39,063,3.290561043805537,NA
39,065,3.0181271435890484,NA
39,067,3.1594653281123946,NA
39,069,3.5331918418847246,NA
39,071,3.1021262328628407,NA
39,073,3.2577401230447665,NA
39,075,3.3319344681347043,NA
39,077,3.006409244737426,NA
39,079,3.2638744049622894,NA
39,081,3.400328194081446,NA
39,083,3.076482684347111,NA
39,085,3.1229338185027213,NA
39,087,3.024683134704907,NA
39,089,3.0597985892360007,NA
39,091,3.1716485098031604,NA
39,093,3.0263125429199143,NA
39,095,2.6221070663447956,NA
39,097,3.0528621023813813,NA
39,099,3.01769829804719,NA
39,101,2.5252992735494884,NA
39,103,3.407952452459617,NA
39,105,2.6229820396623422,NA
39,107,3.453167827353716,NA
39,109,3.320688871316531,NA
39,111,3.077305463963766,NA
39,113,2.7324666158707647,NA
39,115,3.154450914796378,NA
39,117,3.051152390209291,NA
39,119,3.02388679615658,NA
39,121,2.683085288072539,NA
39,123,3.3656470080543412,NA
39,125,3.3298633695391677,NA
39,127,3.01112920144442,NA
39,129,3.042870886735336,NA
39,131,2.753668167009509,NA
39,133,3.0293015355838753,NA
39,135,2.9497982652395986,NA
39,137,3.390271170057544,NA
39,139,2.8574365359695277,NA
39,141,2.884516416046297,NA
39,143,3.068929087907832,NA
39,145,3.1417065044924746,NA
39,147,3.101461191060523,NA
39,149,3.2903170758472164,NA
39,151,3.1202661427045544,NA
39,153,2.9764095726874396,NA
39,155,2.994219067670761,NA
39,157,3.0496382063326606,NA
39,159,3.477924933483757,NA
39,161,3.1674455016720087,NA
39,163,2.989756864381636,NA
39,165,3.4486322075437847,NA
39,167,3.053434285599695,NA
39,169,3.2698044218038222,NA
39,171,3.071030096361977,NA
39,173,3.20922782065383,NA
39,175,3.21104360786868,NA
40,000,2.91458507897299,NA
40,001,2.767289895376518,NA
40,003,3.3315243297649526,NA
40,005,3.333490827329667,NA
40,007,2.9677958358879004,NA
40,009,3.00769802501796,NA
40,011,2.996123855168674,NA
40,013,3.294018224716524,NA
40,015,2.9156173308904765,NA
40,017,3.245820455771708,NA
40,019,2.912773747359199,NA
40,021,3.047985975008164,NA
40,023,2.5757654335097278,NA
40,025,2.781860162883216,NA
40,027,3.0611868868941525,NA
40,029,3.259356751411548,NA
40,031,2.918650286583873,NA
40,033,2.8387293341069233,NA
40,035,2.8789075427906816,NA
40,037,3.021133371780514,NA
40,039,3.200309247583348,NA
40,041,3.1209574933847986,NA
40,043,3.225442191595253,NA
40,045,3.068667984569513,NA
40,047,2.984036195629501,NA
40,049,3.077568599256071,NA
40,051,3.2080862035863746,NA
40,053,3.6403856539145476,NA
40,055,3.320837101364567,NA
40,057,2.8792082442855627,NA
40,059,3.3821380061487036,NA
40,061,2.9417580890494546,NA
40,063,3.0291311190834005,NA
40,065,3.0168858694776906,NA
40,067,2.975690054307236,NA
40,069,2.813374399961455,NA
40,071,2.99584290814607,NA
40,073,3.2634823823570853,NA
40,075,3.0440039797664924,NA
40,077,2.938072816384787,NA
40,079,3.0249947833925352,NA
40,081,3.2217864340275693,NA
40,083,2.7017077741084385,NA
40,085,2.6729668600494034,NA
40,087,2.999803796266441,NA
40,089,3.0861509265799842,NA
40,091,2.993747380430861,NA
40,093,3.1894197886582187,NA
40,095,3.1292077755418077,NA
40,097,2.953899082876771,NA
40,099,3.1669503550333125,NA
40,101,2.9755920659371635,NA
40,103,3.066107569446307,NA
40,105,3.192460181379109,NA
40,107,2.7999288398491875,NA
40,109,2.686861786705484,NA
40,111,2.8224432243618396,NA
40,113,2.9394325254751257,NA
40,115,2.9104317889991105,NA
40,117,2.942885905963824,NA
40,119,3.302561958579864,NA
40,121,3.069486459441751,NA
40,123,3.030588381806383,NA
40,125,2.808069761632167,NA
40,127,2.923291909113994,NA
40,129,3.225572647471202,NA
40,131,3.089316220452845,NA
40,133,2.5532579450338657,NA
40,135,3.1184000899343314,NA
40,137,2.9482466790170294,NA
40,139,2.8951349634489,NA
40,141,2.9152525723237437,NA
40,143,2.767620056345811,NA
40,145,3.1054708078117064,NA
40,147,3.015874338408556,NA
40,149,2.9734750156310454,NA
40,151,3.5163886530567043,NA
40,153,2.9389925963398897,NA
41,000,2.85294507176415,NA
41,001,2.8035709997424667,NA
41,003,3.046293673937499,NA
41,005,3.0428481720435347,NA
41,007,2.656733127849332,NA
41,009,2.5952940893783447,NA
41,011,2.8194277250078232,NA
41,013,2.6879959724360134,NA
41,015,2.5922928884643035,NA
41,017,3.3018650036114696,NA
41,019,2.6008272055684554,NA
41,021,3.188977235784878,NA
41,023,3.0109760859612744,NA
41,025,2.783328708687299,NA
41,027,3.0977840912802614,NA
41,029,2.6972709329662714,NA
41,031,2.7379213005888414,NA
41,033,2.915319360657516,NA
41,035,2.745730633418746,NA
41,037,2.7418698492926867,NA
41,039,NA,NA
41,041,NA,NA
41,043,2.7134167775747353,NA
41,045,2.7861616862584357,NA
41,047,2.530041801440129,NA
41,049,2.6916737456873103,NA
41,051,2.7492255000194787,NA
41,053,2.6678804673440433,NA
41,055,2.9609194636268725,NA
41,057,2.5342700221952246,NA
41,059,2.848665817553934,NA
41,061,3.0608474677187485,NA
41,063,3.2824593094944454,NA
41,065,2.6353852200943773,NA
41,067,3.1665728015906427,NA
41,069,NA,NA
41,071,3.1059267668865207,NA
42,000,3.115991893733163,NA
42,001,3.2243644455731455,NA
42,003,3.4504256187876545,NA
42,005,3.228012754826818,NA
42,007,3.168574162723048,NA
42,009,3.189710899355462,NA
42,011,2.9088910075553125,NA
42,013,3.135769938552163,NA
42,015,3.0252836903126847,NA
42,017,3.4324705574452934,NA
42,019,3.512842368771949,NA
42,021,3.1119369809660213,NA
42,023,3.7697256841518727,NA
42,025,2.9807937778200633,NA
42,027,3.585136452552778,NA
42,029,3.513784975189601,NA
42,031,3.39416931535141,NA
42,033,3.202064885640328,NA
42,035,3.0161007230307137,NA
42,037,3.4355794091895926,NA
42,039,3.050746497803626,NA
42,041,3.3937014849715466,NA
42,043,2.884953426268746,NA
42,045,3.089629584747805,NA
42,047,3.3520239957680977,NA
42,049,3.18429036526008,NA
42,051,3.042128166398664,NA
42,053,3.584775064080081,NA
42,055,3.2103239268116583,NA
42,057,3.5080187851982805,NA
42,059,3.1072909711955985,NA
42,061,2.7637540195271595,NA
42,063,3.170668952302428,NA
42,065,3.3376252962225204,NA
42,067,3.0083397858980185,NA
42,069,2.8846816017362347,NA
42,071,3.19968139802242,NA
42,073,2.924305299237537,NA
42,075,3.1251347164767527,NA
42,077,3.071518517027078,NA
42,079,2.805140843436403,NA
42,081,3.3955899539324976,NA
42,083,3.253105917193706,NA
42,085,3.290844648684263,NA
42,087,2.939168317640002,NA
42,089,3.1698771576519107,NA
42,091,3.460843802770731,NA
42,093,3.407359652791615,NA
42,095,3.1447347086215354,NA
42,097,3.0325320715020077,NA
42,099,3.1192010915181942,NA
42,101,2.2885206887540015,NA
42,103,3.2936981946778765,NA
42,105,3.3999880882096534,NA
42,107,2.9704656592282115,NA
42,109,3.2925021744285905,NA
42,111,3.46332658897954,NA
42,113,3.238785388623385,NA
42,115,2.967962787602062,NA
42,117,2.95651647745758,NA
42,119,3.290674563578963,NA
42,121,3.1124822501543026,NA
42,123,2.8801787265729955,NA
42,125,3.55190675667253,NA
42,127,3.6431572282774822,NA
42,129,3.4521602529431714,NA
42,131,2.9032884044955085,NA
42,133,3.127648419637183,NA
44,000,3.0283751757435877,NA
44,001,3.63278352772188,NA
44,003,3.035460921845538,NA
44,005,3.1997006335469704,NA
44,007,2.8901604745503775,NA
44,009,3.483269718308526,NA
45,000,2.9163573965580785,NA
45,001,3.214064777379526,NA
45,003,2.871262629469658,NA
45,005,2.3767000759965216,NA
45,007,3.084808876276377,NA
45,009,2.7647914943289194,NA
45,011,2.5594754015943058,NA
45,013,2.917705076663253,NA
45,015,2.776620529449703,NA
45,017,2.559368049711504,NA
45,019,2.972954822874716,NA
45,021,2.7020493316595178,NA
45,023,2.6286403997716414,NA
45,025,2.6735512991322254,NA
45,027,2.5311681299686426,NA
45,029,2.2522219250608075,NA
45,031,2.6986551292498677,NA
45,033,2.546633672438855,NA
45,035,3.0800332718407306,NA
45,037,2.59844391423838,NA
45,039,2.679503278455557,NA
45,041,2.673934894747813,NA
45,043,2.770189890414117,NA
45,045,3.210120650385594,NA
45,047,2.645163047551231,NA
45,049,2.7693336907949084,NA
45,051,3.2383756614843584,NA
45,053,2.2659738985553846,NA
45,055,2.7838816569922833,NA
45,057,3.0077730807275125,NA
45,059,2.5786567008434997,NA
45,061,2.301902695893519,NA
45,063,2.97024111285464,NA
45,065,2.1101084744954846,NA
45,067,2.039448732381255,NA
45,069,2.2405320564424147,NA
45,071,2.6875157208668243,NA
45,073,2.839192152070136,NA
45,075,2.453010442770587,NA
45,077,3.139727031233917,NA
45,079,2.8917084615694426,NA
45,081,2.6589362565887464,NA
45,083,2.9779221318322233,NA
45,085,2.600033726859694,NA
45,087,2.411449508248279,NA
45,089,2.0586967090777613,NA
45,091,3.184040070889203,NA
46,000,2.976713626596407,NA
46,003,3.1556305599027175,NA
46,005,2.5486577349506776,NA
46,007,2.1358283520376706,NA
46,009,2.978679056706326,NA
46,011,2.9357792883831046,NA
46,013,3.3573848091749023,NA
46,015,3.2793405209721844,NA
46,017,NA,NA
46,019,2.816010271072521,NA
46,021,NA,NA
46,023,3.3419641966255487,NA
46,025,2.9617527597686997,NA
46,027,3.0257062550977314,NA
46,029,3.198327024324302,NA
46,031,2.0197079356963283,NA
46,033,3.008150019866108,NA
46,035,3.3306391554953363,NA
46,037,3.2604281893668614,NA
46,039,2.806594501927685,NA
46,041,2.1801847665974536,NA
46,043,NA,NA
46,045,3.1748702036769063,NA
46,047,2.783228308316733,NA
46,049,3.2094301144710977,NA
46,051,2.805588934473637,NA
46,053,2.8056615689720585,NA
46,055,3.0010429118606052,NA
46,057,3.0485685538165375,NA
46,059,3.1140258200370714,NA
46,061,3.4607334021491023,NA
46,063,NA,NA
46,065,2.946144619326266,NA
46,067,3.2641663013684985,NA
46,069,2.46530581068225,NA
46,071,2.603711306740755,NA
46,073,2.7824092852942597,NA
46,075,NA,NA
46,077,3.1919789586896634,NA
46,079,3.2023125351983097,NA
46,081,3.0441284397519914,NA
46,083,3.3052030266494503,NA
46,085,2.857015673545633,NA
46,087,3.258960576429179,NA
46,089,3.440432523039702,NA
46,091,3.0999783255828826,NA
46,093,3.0907616448642683,NA
46,095,2.4710020341460446,NA
46,097,2.9473650548484516,NA
46,099,3.0697334001532233,NA
46,101,2.717080353206611,NA
46,102,1.477483824556787,NA
46,103,2.978199003677991,NA
46,105,3.2538340258834557,NA
46,107,3.8156545108376356,NA
46,109,2.550053955597213,NA
46,111,2.837481226903081,NA
46,115,2.8924676042797923,NA
46,117,3.045775974401774,NA
46,119,NA,NA
46,121,1.388316124062193,NA
46,123,3.0164904882692567,NA
46,125,3.3593871074135335,NA
46,127,3.271851194549694,NA
46,129,3.2105008023581467,NA
46,135,3.145966028665537,NA
46,137,1.973376288101122,NA
47,000,2.9885686270366563,NA
47,001,2.8894646977058422,NA
47,003,2.8720505847797644,NA
47,005,3.0398937226803837,NA
47,007,2.9488146234284964,NA
47,009,3.0569721066863775,NA
47,011,2.9427423170676974,NA
47,013,2.5603520391935835,NA
47,015,2.59222244852598,NA
47,017,3.0132609102292283,NA
47,019,2.8588494502285315,NA
47,021,3.0533828788700923,NA
47,023,3.1189577214401765,NA
47,025,2.551797448504175,NA
47,027,2.6752577726230324,NA
47,029,2.7582547719117594,NA
47,031,2.8118020042932472,NA
47,033,3.1837706132605437,NA
47,035,2.92340766429452,NA
47,037,2.7193741999948022,NA
47,039,3.402823771708989,NA
47,041,2.6331883543738326,NA
47,043,2.9701370604108606,NA
47,045,3.1349024752483357,NA
47,047,2.69169983816928,NA
47,049,2.806431337724063,NA
47,051,2.6936292583241492,NA
47,053,2.9635883697662706,NA
47,055,2.803657744752104,NA
47,057,2.787699533195313,NA
47,059,2.9058481353872416,NA
47,061,2.5670021048576466,NA
47,063,3.0948459830956354,NA
47,065,3.08459248268021,NA
47,067,2.6715671746560377,NA
47,069,2.3676563784201177,NA
47,071,NA,NA
47,073,2.8505617974273574,NA
47,075,2.7163348185514846,NA
47,077,3.2040857179946522,NA
47,079,3.0519164541625936,NA
47,081,3.0815777596074945,NA
47,083,2.503069277427874,NA
47,085,3.0263482203754846,NA
47,087,2.749383485696101,NA
47,089,2.690153790819127,NA
47,091,2.8240721472448582,NA
47,093,2.9087171346266865,NA
47,095,2.678134415828141,NA
47,097,2.576117626831212,NA
47,099,3.0307988315853107,NA
47,101,2.8220513800531197,NA
47,103,3.1765642491893162,NA
47,105,3.1476957327190243,NA
47,107,3.0677688508634047,NA
47,109,2.87423935628814,NA
47,111,3.1436423474724826,NA
47,113,2.5345445404075506,NA
47,115,2.5954937848212993,NA
47,117,2.8930857589617784,NA
47,119,2.744814707496518,NA
47,121,2.8432024419204422,NA
47,123,2.6878903001285326,NA
47,125,3.2763942045880166,NA
47,127,2.552046636578947,NA
47,129,2.693535870830966,NA
47,131,2.850787128798086,NA
47,133,3.0008158802051104,NA
47,135,3.055227394700496,NA
47,137,1.831726498114303,NA
47,139,3.2464382530292344,NA
47,141,3.136243425492041,NA
47,143,3.170259536880634,NA
47,145,3.022950230741774,NA
47,147,2.660375589399085,NA
47,149,3.2783435967447527,NA
47,151,3.0040660374019623,NA
47,153,2.9814131505873154,NA
47,155,2.8421730938216228,NA
47,157,2.8600942574265504,NA
47,159,3.2160364327820172,NA
47,161,2.7548685268507564,NA
47,163,2.9313299709389224,NA
47,165,3.391130742784695,NA
47,167,3.2127032775631355,NA
47,169,3.562394959300869,NA
47,171,2.8770874216752205,NA
47,173,2.298854076956978,NA
47,175,3.0430594225818663,NA
47,177,2.8119563753901393,NA
47,179,3.2586656730609365,NA
47,181,2.6645377428163055,NA
47,183,3.2448228840925157,NA
47,185,2.8644295530624544,NA
47,187,3.798433933328842,NA
47,189,3.315866741815534,NA
48,000,3.1500430608421426,NA
48,001,3.002969417136537,NA
48,003,3.18247541229299,NA
48,005,3.028087912527626,NA
48,007,2.5172989048007706,NA
48,009,3.3623339023937393,NA
48,011,3.7067980647063523,NA
48,013,2.7708111106990145,NA
48,015,2.984941768018544,NA
48,017,2.593971065031647,NA
48,019,3.0018303539892366,NA
48,021,2.954634355863965,NA
48,023,3.0317127507143953,NA
48,025,2.955915459412176,NA
48,027,3.133980756540967,NA
48,029,2.998152874582881,NA
48,031,3.4807680888398163,NA
48,033,NA,NA
48,035,3.034435949862027,NA
48,037,3.1937614214690417,NA
48,039,3.380058135627928,NA
48,041,3.2390279863000466,NA
48,043,3.091084728615694,NA
48,045,3.2336246437750686,NA
48,047,2.7849930032540495,NA
48,049,2.982040151877366,NA
48,051,3.078501575394424,NA
48,053,2.8395088652660934,NA
48,055,2.8185839389273375,NA
48,057,3.538212274452814,NA
48,059,2.89836212968186,NA
48,061,3.269242618833821,NA
48,063,3.336706463446189,NA
48,065,3.1584187937604122,NA
48,067,3.0635802456289856,NA
48,069,3.132673518940098,NA
48,071,3.5701638092514316,NA
48,073,3.0416978402746384,NA
48,075,3.4441163450498307,NA
48,077,3.1190914123632187,NA
48,079,2.915901737271907,NA
48,081,2.998401540747808,NA
48,083,2.7338798172770584,NA
48,085,3.589744578614226,NA
48,087,2.918655930225485,NA
48,089,3.0587659571522856,NA
48,091,3.3963251212208556,NA
48,093,3.251768345073832,NA
48,095,2.5029421454637126,NA
48,097,3.1097686304179706,NA
48,099,3.224277923331257,NA
48,101,NA,NA
48,103,3.0794926777089415,NA
48,105,2.3091612871836347,NA
48,107,2.8363965953879893,NA
48,109,2.4543908664475094,NA
48,111,2.76955545236087,NA
48,113,3.090002664303057,NA
48,115,2.8053925966985056,NA
48,117,2.9327796290863173,NA
48,119,2.575060704675015,NA
48,121,3.2915189347197273,NA
48,123,3.038824822995145,NA
48,125,2.588109593863227,NA
48,127,3.245457837245889,NA
48,129,3.4199291895674255,NA
48,131,2.8733125139831155,NA
48,133,3.0626686531665386,NA
48,135,2.7869021662228146,NA
48,137,2.296761453905604,NA
48,139,3.1877822874143242,NA
48,141,3.2436921871078646,NA
48,143,3.5200763104187645,NA
48,145,2.7160774678922524,NA
48,147,3.1279477210322537,NA
48,149,3.115232512111585,NA
48,151,3.1397729425920784,NA
48,153,2.7229567339287786,NA
48,155,NA,NA
48,157,3.5724123083276313,NA
48,159,3.0011513402173473,NA
48,161,3.0662697487257344,NA
48,163,2.7695970135977834,NA
48,165,3.170161645457203,NA
48,167,3.2143082378637438,NA
48,169,3.5979816706703955,NA
48,171,3.271439295858512,NA
48,173,3.898112710142695,NA
48,175,2.8432702466230504,NA
48,177,2.945501103251245,NA
48,179,3.0563242547949487,NA
48,181,3.1433704909928437,NA
48,183,3.221144456640698,NA
48,185,3.1337222410087544,NA
48,187,3.109610022689835,NA
48,189,2.92935129347583,NA
48,191,3.3032427302789262,NA
48,193,3.1379884596134624,NA
48,195,3.4264092048876558,NA
48,197,2.916449684105655,NA
48,199,3.3074139010860577,NA
48,201,3.0511386622202847,NA
48,203,3.353599107399593,NA
48,205,2.8886909743636964,NA
48,207,2.7737159821416824,NA
48,209,3.063573972419893,NA
48,211,3.104379791690663,NA
48,213,3.2566778834747168,NA
48,215,3.245428781199568,NA
48,217,3.056459766099652,NA
48,219,3.0091655241692274,NA
48,221,3.138624904751128,NA
48,223,2.8597423124124624,NA
48,225,2.8639985193761794,NA
48,227,2.8472908862790476,NA
48,229,2.6748009371305326,NA
48,231,2.8565939898016404,NA
48,233,3.101963931096387,NA
48,235,3.1138737227495175,NA
48,237,3.012087939601599,NA
48,239,3.096577729700035,NA
48,241,2.812556184366954,NA
48,243,NA,NA
48,245,2.8315997730820603,NA
48,247,3.2059215746124563,NA
48,249,3.009092589344934,NA
48,251,3.1646711642766774,NA
48,253,2.7203718075621595,NA
48,255,3.0913700160975948,NA
48,257,3.2125111601609477,NA
48,259,3.4967872621336933,NA
48,261,NA,NA
48,263,NA,NA
48,265,3.389465551107537,NA
48,267,2.5943308849849886,NA
48,269,NA,NA
48,271,2.950716585533432,NA
48,273,3.2497273637290984,NA
48,275,3.2344588683098645,NA
48,277,3.201994153669163,NA
48,279,3.3318169084875513,NA
48,281,3.043183796977605,NA
48,283,3.021315438059304,NA
48,285,3.2358353310822716,NA
48,287,2.9510663580177714,NA
48,289,3.1375963163215834,NA
48,291,2.7598304923600665,NA
48,293,2.829658254181404,NA
48,295,3.1410313427717993,NA
48,297,3.7621548787511463,NA
48,299,2.7737117313343167,NA
48,301,NA,NA
48,303,3.195714025919675,NA
48,305,3.120912688037783,NA
48,307,2.8729332098222327,NA
48,309,2.9708250000182783,NA
48,311,2.9618945691688414,NA
48,313,3.0396594836222652,NA
48,315,2.2212691412283236,NA
48,317,3.1518531794561113,NA
48,319,3.057075624721683,NA
48,321,2.9564122179067116,NA
48,323,3.1262071868505035,NA
48,325,3.0293679195992786,NA
48,327,2.962942020846335,NA
48,329,2.9132079419857,NA
48,331,2.923493380662631,NA
48,333,3.488012044160358,NA
48,335,2.8709016293692162,NA
48,337,2.991068141631875,NA
48,339,3.2919545396302277,NA
48,341,3.0921686087089566,NA
48,343,3.0194837373629473,NA
48,345,NA,NA
48,347,2.966952372017005,NA
48,349,2.9700629308924844,NA
48,351,2.850935881381407,NA
48,353,3.0713032810555925,NA
48,355,3.1731133791449095,NA
48,357,3.0913543479279197,NA
48,359,3.4930899967218907,NA
48,361,2.9217449354890075,NA
48,363,2.9653737357454486,NA
48,365,3.2342626812956565,NA
48,367,3.310930183886991,NA
48,369,3.0275514642842443,NA
48,371,3.086532585972679,NA
48,373,3.1213258159317268,NA
48,375,3.127141779239421,NA
48,377,2.671846969104895,NA
48,379,2.7348313150114842,NA
48,381,3.353287663246732,NA
48,383,3.3982601577541187,NA
48,385,2.871869800837983,NA
48,387,3.17795155194802,NA
48,389,2.972597125390767,NA
48,391,3.1910030903618614,NA
48,393,NA,NA
48,395,3.4111734708033628,NA
48,397,3.497307993899982,NA
48,399,3.3449083023750785,NA
48,401,3.0863504211048833,NA
48,403,3.0227217539982156,NA
48,405,2.4866333125013202,NA
48,407,2.5008407367376084,NA
48,409,3.107102146114011,NA
48,411,3.1208278569163244,NA
48,413,3.484985614353536,NA
48,415,3.1299593227776827,NA
48,417,3.2842487081512326,NA
48,419,3.1627502405543484,NA
48,421,3.0635290734243594,NA
48,423,3.144222331479753,NA
48,425,3.533016931134785,NA
48,427,3.3399537718878443,NA
48,429,2.756911011201464,NA
48,431,2.74245368281727,NA
48,433,NA,NA
48,435,3.141623012863362,NA
48,437,2.6930805570042495,NA
48,439,3.1062539610798194,NA
48,441,3.085796304902795,NA
48,443,NA,NA
48,445,2.810342718728048,NA
48,447,2.5232989352470905,NA
48,449,3.2995930881180224,NA
48,451,3.0249271974348906,NA
48,453,3.252098490185653,NA
48,455,3.0170886614350154,NA
48,457,2.921866831203452,NA
48,459,3.33427990252499,NA
48,461,2.7822989251302066,NA
48,463,2.7081513200990512,NA
48,465,2.7132292013110724,NA
48,467,3.1036105810771555,NA
48,469,2.8631209493568965,NA
48,471,2.8925399605018973,NA
48,473,3.1362133632743094,NA
48,475,3.0952842218559127,NA
48,477,3.264012728334704,NA
48,479,3.332153739367463,NA
48,481,3.040439642461375,NA
48,483,3.065285942877643,NA
48,485,2.8993152561962012,NA
48,487,2.8221967250491327,NA
48,489,2.797686762794385,NA
48,491,3.28132872104602,NA
48,493,3.1120232080559433,NA
48,495,2.5436149706880244,NA
48,497,3.0277288135598486,NA
48,499,3.030755979897047,NA
48,501,2.7240451693581975,NA
48,503,2.9703398566564756,NA
48,505,3.348462241048918,NA
48,507,2.801446058405469,NA
49,000,3.132074101281914,NA
49,001,3.615094863979034,NA
49,003,3.1670209674764633,NA
49,005,3.4820115301672745,NA
49,007,3.0602810711174473,NA
49,009,NA,NA
49,011,3.2562720332495734,NA
49,013,3.172572965997027,NA
49,015,3.1798593293944744,NA
49,017,3.40802032102612,NA
49,019,2.70828625643721,NA
49,021,3.0379198308365796,NA
49,023,3.2948133426861874,NA
49,025,3.278941555846242,NA
49,027,3.2718840671228024,NA
49,029,3.614093124567565,NA
49,031,NA,NA
49,033,NA,NA
49,035,3.0602616138623118,NA
49,037,2.4829225788238736,NA
49,039,3.2804761978976353,NA
49,041,3.458889988102999,NA
49,043,3.4412072908885634,NA
49,045,NA,NA
49,047,2.858201984357374,NA
49,049,3.176625418519627,NA
49,051,3.3465796281839792,NA
49,053,3.108781688567168,NA
49,055,2.895511094274179,NA
49,057,2.9809421412353503,NA
50,000,NA,NA
50,001,NA,NA
50,003,NA,NA
50,005,NA,NA
50,007,NA,NA
50,009,NA,NA
50,011,NA,NA
50,013,NA,NA
50,015,NA,NA
50,017,NA,NA
50,019,NA,NA
50,021,NA,NA
50,023,NA,NA
50,025,NA,NA
50,027,NA,NA
51,000,3.2720049656269894,NA
51,001,2.833070454170097,NA
51,003,3.320400527218048,NA
51,005,2.827553025107993,NA
51,007,3.1938418582906514,NA
51,009,3.1366171080201917,NA
51,011,3.555203136605256,NA
51,013,3.5223755780357453,NA
51,015,3.2635892976526115,NA
51,017,3.5349229292875126,NA
51,019,3.188121393309513,NA
51,021,3.441073960575812,NA
51,023,3.4548520301140777,NA
51,025,2.835093693998043,NA
51,027,2.959212767892337,NA
51,029,2.955664318685518,NA
51,031,3.3431049887661635,NA
51,033,3.2028281489713706,NA
51,035,3.231183592616485,NA
51,036,3.1058657072362057,NA
51,037,3.2778962668553455,NA
51,041,3.2364690757991252,NA
51,043,3.089791894445427,NA
51,045,2.802306666971029,NA
51,047,3.263590590857843,NA
51,049,3.4792673133737164,NA
51,051,3.6060509107311147,NA
51,053,3.4035344161203045,NA
51,057,2.9728974887740502,NA
51,059,3.404452913444696,NA
51,061,3.1532473951346374,NA
51,063,3.200479674149491,NA
51,065,3.147614049743292,NA
51,067,3.415311031306025,NA
51,069,3.108565731232078,NA
51,071,3.247435254924192,NA
51,073,3.4805842166462684,NA
51,075,3.7177480902195525,NA
51,077,3.3321729972738283,NA
51,079,2.8946766373430513,NA
51,081,3.05068344423885,NA
51,083,3.234309450874059,NA
51,085,3.6689130896912365,NA
51,087,3.3399627564566514,NA
51,089,3.2810742060266143,NA
51,091,NA,NA
51,093,3.29505522449118,NA
51,095,3.3621124892470005,NA
51,097,2.786040459753961,NA
51,099,3.1161169537486875,NA
51,101,3.5501083076648428,NA
51,103,3.546814173217978,NA
51,105,3.2108242548665764,NA
51,107,3.3968286144669255,NA
51,109,3.2251156976053124,NA
51,111,3.224568362928276,NA
51,113,2.8804792369843644,NA
51,115,3.18566371041154,NA
51,117,3.3356462631853323,NA
51,119,3.3273635865665487,NA
51,121,3.414870222195702,NA
51,125,3.4769469425249753,NA
51,127,3.366605289230494,NA
51,131,2.6941221229475714,NA
51,133,3.765723456386324,NA
51,135,3.3850521484022233,NA
51,137,3.179016721359396,NA
51,139,3.1031656764231044,NA
51,141,3.660334245957308,NA
51,143,3.4097254618838013,NA
51,145,3.2250148903387887,NA
51,147,3.064571547712879,NA
51,149,3.3293286642183353,NA
51,153,3.3585691026635653,NA
51,155,3.152976836025632,NA
51,157,3.128136963208531,NA
51,159,3.407369798620645,NA
51,161,3.3761738005763973,NA
51,163,3.1976506022797895,NA
51,165,2.932761835285456,NA
51,167,3.428543626907346,NA
51,169,3.634640498589874,NA
51,171,3.111638909959129,NA
51,173,3.0700826486973893,NA
51,175,3.205996519597604,NA
51,177,3.2431956830555704,NA
51,179,3.2324619326934516,NA
51,181,2.714924977351572,NA
51,183,3.4613296635708855,NA
51,185,3.3695183294686233,NA
51,187,3.1672925576447186,NA
51,191,3.5235950551074713,NA
51,193,3.1972858042220027,NA
51,195,3.572044046263951,NA
51,197,3.417900987150695,NA
51,199,3.5964140930952424,NA
51,510,2.9516501368373707,NA
51,520,3.1252666247869896,NA
51,530,3.159909519888835,NA
51,540,3.2292747127561383,NA
51,550,3.4397211946068644,NA
51,570,3.1807917824030376,NA
51,580,3.0901717179310975,NA
51,590,2.4207014287978996,NA
51,595,NA,NA
51,600,3.1049185571315117,NA
51,610,3.9359441162039968,NA
51,620,2.320149929934009,NA
51,630,2.8885625802832404,NA
51,640,3.6503471051319716,NA
51,650,3.098220607867203,NA
51,660,2.8680280440682018,NA
51,670,2.784497538741703,NA
51,678,3.709429675305511,NA
51,680,2.9998022199494594,NA
51,683,2.9149355327331454,NA
51,685,2.9046250417310455,NA
51,690,2.8662197860298173,NA
51,700,2.851859736326298,NA
51,710,2.946529233123867,NA
51,720,3.1368932635401556,NA
51,730,2.4456059873095333,NA
51,735,3.854468268367363,NA
51,740,2.912481419397737,NA
51,750,3.427975059045316,NA
51,760,2.6023596691330932,NA
51,770,3.083395170629713,NA
51,775,3.4531569093490657,NA
51,790,3.2691784906170422,NA
51,800,3.1343574061759636,NA
51,810,3.5667993508851454,NA
51,820,2.8566181938482003,NA
51,830,3.273707829129016,NA
51,840,2.8529740933127976,NA
53,000,2.908365894692617,NA
53,001,2.4659227915561344,NA
53,003,2.7148019209318686,NA
53,005,2.85694262179411,NA
53,007,2.630020988149569,NA
53,009,3.087141001987013,NA
53,011,2.805954392433677,NA
53,013,3.073555783602327,NA
53,015,2.5596298412013985,NA
53,017,2.6765097254012318,NA
53,019,2.3907875243371466,NA
53,021,2.3287060028913475,NA
53,023,NA,NA
53,025,2.5130505334049293,NA
53,027,2.6002367719921944,NA
53,029,2.763529092310833,NA
53,031,NA,NA
53,033,3.155160008622878,NA
53,035,3.114856783841802,NA
53,037,2.885705309695045,NA
53,039,2.7264450667356974,NA
53,041,2.878666669070442,NA
53,043,2.835488351147576,NA
53,045,2.3118140991800447,NA
53,047,2.579154051554876,NA
53,049,2.6103716614404022,NA
53,051,NA,NA
53,053,2.9219093280933164,NA
53,055,NA,NA
53,057,2.8705316960517337,NA
53,059,NA,NA
53,061,2.965637536996217,NA
53,063,2.8734609832062703,NA
53,065,2.6931473168867965,NA
53,067,3.0241607834854465,NA
53,069,2.9935817257440993,NA
53,071,2.4788915910139506,NA
53,073,2.720483060712729,NA
53,075,3.2118935921656133,NA
53,077,2.6732583174119644,NA
54,000,2.717180017485384,NA
54,001,2.3659643478706283,NA
54,003,2.5001212808585165,NA
54,005,2.6564628012504867,NA
54,007,2.170216770782008,NA
54,009,2.708424657725704,NA
54,011,2.7493064240062837,NA
54,013,3.0748199859711307,NA
54,015,2.66634961910629,NA
54,017,2.747947354009303,NA
54,019,2.4797047378119834,NA
54,021,2.581677304127437,NA
54,023,3.049156002838383,NA
54,025,2.7396891627989755,NA
54,027,2.8059993573826087,NA
54,029,3.034952691650834,NA
54,031,2.454968185711453,NA
54,033,2.7286221280049006,NA
54,035,2.91252354904742,NA
54,037,2.6970688478298666,NA
54,039,2.737279530013352,NA
54,041,2.3665330976166232,NA
54,043,2.3947980347271844,NA
54,045,2.551163623011854,NA
54,047,2.3943805271037495,NA
54,049,2.8591055003241475,NA
54,051,2.929830354908171,NA
54,053,2.5782255860858454,NA
54,055,2.6592802087342227,NA
54,057,2.7464433581603918,NA
54,059,2.458401361631331,NA
54,061,3.154096702219912,NA
54,063,2.3962214480991713,NA
54,065,2.739551483257916,NA
54,067,2.6303579474305296,NA
54,069,3.0092717692003514,NA
54,071,2.801868233443052,NA
54,073,2.7541270132272406,NA
54,075,2.6349319575052803,NA
54,077,2.5784712188515804,NA
54,079,2.9879023245639047,NA
54,081,2.675337400660772,NA
54,083,2.6902914662004216,NA
54,085,2.9496638529615926,NA
54,087,2.355889480819974,NA
54,089,2.1438634646623766,NA
54,091,3.0052621804690967,NA
54,093,2.523678384465451,NA
54,095,2.671519136649147,NA
54,097,2.5319917000677536,NA
54,099,2.881944834952191,NA
54,101,2.307614939864605,NA
54,103,2.835010882565456,NA
54,105,2.299033491350583,NA
54,107,3.0296040639468016,NA
54,109,2.7072363833678716,NA
55,000,3.0267750669775677,NA
55,001,2.734234880495265,NA
55,003,3.1380913490160096,NA
55,005,2.93093355353258,NA
55,007,3.001842236191761,NA
55,009,3.07165994438672,NA
55,011,3.046393249024878,NA
55,013,3.164011234787557,NA
55,015,3.289270749030685,NA
55,017,3.2191460989947376,NA
55,019,2.7243622730016153,NA
55,021,3.0352859060386876,NA
55,023,3.2946567244342164,NA
55,025,3.1918268036559745,NA
55,027,3.142032723779814,NA
55,029,3.246150112485677,NA
55,031,2.983510391602302,NA
55,033,3.049942659001505,NA
55,035,3.2042033548629796,NA
55,037,3.7537892025624635,NA
55,039,2.9771530798705923,NA
55,041,2.6796840548868404,NA
55,043,3.225801715020282,NA
55,045,3.2943814202022415,NA
55,047,2.8084787716389066,NA
55,049,3.286377832574643,NA
55,051,3.8849241612876115,NA
55,053,2.8508411205768747,NA
55,055,3.1054079599060773,NA
55,057,2.8727550863904883,NA
55,059,2.9288198541294688,NA
55,061,3.3965463061936996,NA
55,063,3.067342903282686,NA
55,065,3.1316787694791115,NA
55,067,2.4165442394731373,NA
55,069,3.105701173414225,NA
55,071,2.898888338043672,NA
55,073,3.1516533717482913,NA
55,075,2.9729840896512867,NA
55,077,3.0966498136683884,NA
55,078,1.809380035086773,NA
55,079,2.489155598037688,NA
55,081,2.7973323463418582,NA
55,083,3.1338473843724843,NA
55,085,2.8954805005137847,NA
55,087,3.0196489149040024,NA
55,089,3.690695147821419,NA
55,091,3.209834168125611,NA
55,093,3.320406494501089,NA
55,095,3.3463893600829464,NA
55,097,3.178250026792853,NA
55,099,3.0384994876395086,NA
55,101,2.602394316196305,NA
55,103,2.6903342501355065,NA
55,105,2.9916393334185876,NA
55,107,2.8540477291114814,NA
55,109,3.392728864293361,NA
55,111,3.1192047007571566,NA
55,113,NA,NA
55,115,2.5926903046059238,NA
55,117,2.968096611700226,NA
55,119,3.0615422008305955,NA
55,121,2.882916265147854,NA
55,123,2.991642796748269,NA
55,125,2.8980567342747614,NA
55,127,3.1725113884897573,NA
55,129,2.7890278890267917,NA
55,131,3.48730058195333,NA
55,133,3.606500953761924,NA
55,135,3.146344597170723,NA
55,137,3.1157791836170206,NA
55,139,3.0782996634903528,NA
55,141,3.000199382657721,NA
56,000,3.2328187225692586,NA
56,001,3.3085024765244055,NA
56,003,3.4297776011880563,NA
56,005,3.0380572026984867,NA
56,007,3.2078505430424333,NA
56,009,3.5218555388405943,NA
56,011,3.373163056781568,NA
56,013,2.945005969374029,NA
56,015,3.005836761959863,NA
56,017,3.0046168380157545,NA
56,019,3.7523575657417645,NA
56,021,2.971316908817811,NA
56,023,3.4327368631504944,NA
56,025,3.1773942550059626,NA
56,027,2.5675943072618583,NA
56,029,3.33699686797332,NA
56,031,3.2387626503618834,NA
56,033,3.903934393047675,NA
56,035,3.897980788418644,NA
56,037,3.436033604798504,NA
56,039,3.4375338955579884,NA
56,041,3.202178450878603,NA
56,043,3.9316008925326202,NA
56,045,3.148039932821734,NA
00,000,3.0275751213605777,NA
