population,year,geography,measure,adjustment,analysis,domain,condition,primary_sex,primary_age,primary_dual,fips,state,primary_race,primary_eligibility,primary_denominator,analysis_value
Medicare Fee For Service,2022,State/Territory,Preventive Services,Unsmoothed age standardized,Base measure,Primary chronic conditions,"Influenza Virus Vaccine",All,All,Dual & non-dual,1,ALABAMA,American Indian/Alaska Native,All,"11-499",38
Medicare Fee For Service,2022,State/Territory,Preventive Services,Unsmoothed age standardized,Base measure,Primary chronic conditions,"Influenza Virus Vaccine",All,All,Dual & non-dual,2,ALASKA,American Indian/Alaska Native,All,"10,000+",25
Medicare Fee For Service,2022,State/Territory,Preventive Services,Unsmoothed age standardized,Base measure,Primary chronic conditions,"Influenza Virus Vaccine",All,All,Dual & non-dual,4,ARIZONA,American Indian/Alaska Native,All,"10,000+",38
Medicare Fee For Service,2022,State/Territory,Preventive Services,Unsmoothed age standardized,Base measure,Primary chronic conditions,"Influenza Virus Vaccine",All,All,Dual & non-dual,5,ARKANSAS,American Indian/Alaska Native,All,"1,000-4,999",49
Medicare Fee For Service,2022,State/Territory,Preventive Services,Unsmoothed age standardized,Base measure,Primary chronic conditions,"Influenza Virus Vaccine",All,All,Dual & non-dual,6,CALIFORNIA,American Indian/Alaska Native,All,"10,000+",30
Medicare Fee For Service,2022,State/Territory,Preventive Services,Unsmoothed age standardized,Base measure,Primary chronic conditions,"Influenza Virus Vaccine",All,All,Dual & non-dual,8,COLORADO,American Indian/Alaska Native,All,"1,000-4,999",34
Medicare Fee For Service,2022,State/Territory,Preventive Services,Unsmoothed age standardized,Base measure,Primary chronic conditions,"Influenza Virus Vaccine",All,All,Dual & non-dual,9,CONNECTICUT,American Indian/Alaska Native,All,"11-499",34
Medicare Fee For Service,2022,State/Territory,Preventive Services,Unsmoothed age standardized,Base measure,Primary chronic conditions,"Influenza Virus Vaccine",All,All,Dual & non-dual,10,DELAWARE,American Indian/Alaska Native,All,"11-499",52
Medicare Fee For Service,2022,State/Territory,Preventive Services,Unsmoothed age standardized,Base measure,Primary chronic conditions,"Influenza Virus Vaccine",All,All,Dual & non-dual,12,FLORIDA,American Indian/Alaska Native,All,"1,000-4,999",33
Medicare Fee For Service,2022,State/Territory,Preventive Services,Unsmoothed age standardized,Base measure,Primary chronic conditions,"Influenza Virus Vaccine",All,All,Dual & non-dual,13,GEORGIA,American Indian/Alaska Native,All,"11-499",36
Medicare Fee For Service,2022,State/Territory,Preventive Services,Unsmoothed age standardized,Base measure,Primary chronic conditions,"Influenza Virus Vaccine",All,All,Dual & non-dual,15,HAWAII,American Indian/Alaska Native,All,"11-499",41
Medicare Fee For Service,2022,State/Territory,Preventive Services,Unsmoothed age standardized,Base measure,Primary chronic conditions,"Influenza Virus Vaccine",All,All,Dual & non-dual,16,IDAHO,American Indian/Alaska Native,All,"1,000-4,999",34
Medicare Fee For Service,2022,State/Territory,Preventive Services,Unsmoothed age standardized,Base measure,Primary chronic conditions,"Influenza Virus Vaccine",All,All,Dual & non-dual,17,ILLINOIS,American Indian/Alaska Native,All,"11-499",49
Medicare Fee For Service,2022,State/Territory,Preventive Services,Unsmoothed age standardized,Base measure,Primary chronic conditions,"Influenza Virus Vaccine",All,All,Dual & non-dual,18,INDIANA,American Indian/Alaska Native,All,"11-499",43
Medicare Fee For Service,2022,State/Territory,Preventive Services,Unsmoothed age standardized,Base measure,Primary chronic conditions,"Influenza Virus Vaccine",All,All,Dual & non-dual,19,IOWA,American Indian/Alaska Native,All,"11-499",49
Medicare Fee For Service,2022,State/Territory,Preventive Services,Unsmoothed age standardized,Base measure,Primary chronic conditions,"Influenza Virus Vaccine",All,All,Dual & non-dual,20,KANSAS,American Indian/Alaska Native,All,"1,000-4,999",45
Medicare Fee For Service,2022,State/Territory,Preventive Services,Unsmoothed age standardized,Base measure,Primary chronic conditions,"Influenza Virus Vaccine",All,All,Dual & non-dual,21,KENTUCKY,American Indian/Alaska Native,All,"11-499",39
Medicare Fee For Service,2022,State/Territory,Preventive Services,Unsmoothed age standardized,Base measure,Primary chronic conditions,"Influenza Virus Vaccine",All,All,Dual & non-dual,22,LOUISIANA,American Indian/Alaska Native,All,"11-499",33
Medicare Fee For Service,2022,State/Territory,Preventive Services,Unsmoothed age standardized,Base measure,Primary chronic conditions,"Influenza Virus Vaccine",All,All,Dual & non-dual,23,MAINE,American Indian/Alaska Native,All,"500-999",33
Medicare Fee For Service,2022,State/Territory,Preventive Services,Unsmoothed age standardized,Base measure,Primary chronic conditions,"Influenza Virus Vaccine",All,All,Dual & non-dual,24,MARYLAND,American Indian/Alaska Native,All,"11-499",46
Medicare Fee For Service,2022,State/Territory,Preventive Services,Unsmoothed age standardized,Base measure,Primary chronic conditions,"Influenza Virus Vaccine",All,All,Dual & non-dual,25,MASSACHUSETTS,American Indian/Alaska Native,All,"11-499",34
Medicare Fee For Service,2022,State/Territory,Preventive Services,Unsmoothed age standardized,Base measure,Primary chronic conditions,"Influenza Virus Vaccine",All,All,Dual & non-dual,26,MICHIGAN,American Indian/Alaska Native,All,"1,000-4,999",30
Medicare Fee For Service,2022,State/Territory,Preventive Services,Unsmoothed age standardized,Base measure,Primary chronic conditions,"Influenza Virus Vaccine",All,All,Dual & non-dual,27,MINNESOTA,American Indian/Alaska Native,All,"1,000-4,999",32
Medicare Fee For Service,2022,State/Territory,Preventive Services,Unsmoothed age standardized,Base measure,Primary chronic conditions,"Influenza Virus Vaccine",All,All,Dual & non-dual,28,MISSISSIPPI,American Indian/Alaska Native,All,"500-999",42
Medicare Fee For Service,2022,State/Territory,Preventive Services,Unsmoothed age standardized,Base measure,Primary chronic conditions,"Influenza Virus Vaccine",All,All,Dual & non-dual,29,MISSOURI,American Indian/Alaska Native,All,"500-999",39
Medicare Fee For Service,2022,State/Territory,Preventive Services,Unsmoothed age standardized,Base measure,Primary chronic conditions,"Influenza Virus Vaccine",All,All,Dual & non-dual,30,MONTANA,American Indian/Alaska Native,All,"5,000-9,999",26
Medicare Fee For Service,2022,State/Territory,Preventive Services,Unsmoothed age standardized,Base measure,Primary chronic conditions,"Influenza Virus Vaccine",All,All,Dual & non-dual,31,NEBRASKA,American Indian/Alaska Native,All,"500-999",30
Medicare Fee For Service,2022,State/Territory,Preventive Services,Unsmoothed age standardized,Base measure,Primary chronic conditions,"Influenza Virus Vaccine",All,All,Dual & non-dual,32,NEVADA,American Indian/Alaska Native,All,"1,000-4,999",33
Medicare Fee For Service,2022,State/Territory,Preventive Services,Unsmoothed age standardized,Base measure,Primary chronic conditions,"Influenza Virus Vaccine",All,All,Dual & non-dual,33,NEW HAMPSHIRE,American Indian/Alaska Native,All,"11-499",45
Medicare Fee For Service,2022,State/Territory,Preventive Services,Unsmoothed age standardized,Base measure,Primary chronic conditions,"Influenza Virus Vaccine",All,All,Dual & non-dual,34,NEW JERSEY,American Indian/Alaska Native,All,"11-499",44
Medicare Fee For Service,2022,State/Territory,Preventive Services,Unsmoothed age standardized,Base measure,Primary chronic conditions,"Influenza Virus Vaccine",All,All,Dual & non-dual,35,NEW MEXICO,American Indian/Alaska Native,All,"10,000+",48
Medicare Fee For Service,2022,State/Territory,Preventive Services,Unsmoothed age standardized,Base measure,Primary chronic conditions,"Influenza Virus Vaccine",All,All,Dual & non-dual,36,NEW YORK,American Indian/Alaska Native,All,"1,000-4,999",25
Medicare Fee For Service,2022,State/Territory,Preventive Services,Unsmoothed age standardized,Base measure,Primary chronic conditions,"Influenza Virus Vaccine",All,All,Dual & non-dual,37,NORTH CAROLINA,American Indian/Alaska Native,All,"1,000-4,999",36
Medicare Fee For Service,2022,State/Territory,Preventive Services,Unsmoothed age standardized,Base measure,Primary chronic conditions,"Influenza Virus Vaccine",All,All,Dual & non-dual,38,NORTH DAKOTA,American Indian/Alaska Native,All,"1,000-4,999",41
Medicare Fee For Service,2022,State/Territory,Preventive Services,Unsmoothed age standardized,Base measure,Primary chronic conditions,"Influenza Virus Vaccine",All,All,Dual & non-dual,39,OHIO,American Indian/Alaska Native,All,"11-499",42
Medicare Fee For Service,2022,State/Territory,Preventive Services,Unsmoothed age standardized,Base measure,Primary chronic conditions,"Influenza Virus Vaccine",All,All,Dual & non-dual,40,OKLAHOMA,American Indian/Alaska Native,All,"10,000+",45
Medicare Fee For Service,2022,State/Territory,Preventive Services,Unsmoothed age standardized,Base measure,Primary chronic conditions,"Influenza Virus Vaccine",All,All,Dual & non-dual,41,OREGON,American Indian/Alaska Native,All,"1,000-4,999",36
Medicare Fee For Service,2022,State/Territory,Preventive Services,Unsmoothed age standardized,Base measure,Primary chronic conditions,"Influenza Virus Vaccine",All,All,Dual & non-dual,42,PENNSYLVANIA,American Indian/Alaska Native,All,"11-499",39
Medicare Fee For Service,2022,State/Territory,Preventive Services,Unsmoothed age standardized,Base measure,Primary chronic conditions,"Influenza Virus Vaccine",All,All,Dual & non-dual,44,RHODE ISLAND,American Indian/Alaska Native,All,"11-499",35
Medicare Fee For Service,2022,State/Territory,Preventive Services,Unsmoothed age standardized,Base measure,Primary chronic conditions,"Influenza Virus Vaccine",All,All,Dual & non-dual,45,SOUTH CAROLINA,American Indian/Alaska Native,All,"11-499",41
Medicare Fee For Service,2022,State/Territory,Preventive Services,Unsmoothed age standardized,Base measure,Primary chronic conditions,"Influenza Virus Vaccine",All,All,Dual & non-dual,46,SOUTH DAKOTA,American Indian/Alaska Native,All,"5,000-9,999",29
Medicare Fee For Service,2022,State/Territory,Preventive Services,Unsmoothed age standardized,Base measure,Primary chronic conditions,"Influenza Virus Vaccine",All,All,Dual & non-dual,47,TENNESSEE,American Indian/Alaska Native,All,"11-499",37
Medicare Fee For Service,2022,State/Territory,Preventive Services,Unsmoothed age standardized,Base measure,Primary chronic conditions,"Influenza Virus Vaccine",All,All,Dual & non-dual,48,TEXAS,American Indian/Alaska Native,All,"1,000-4,999",43
Medicare Fee For Service,2022,State/Territory,Preventive Services,Unsmoothed age standardized,Base measure,Primary chronic conditions,"Influenza Virus Vaccine",All,All,Dual & non-dual,49,UTAH,American Indian/Alaska Native,All,"1,000-4,999",32
Medicare Fee For Service,2022,State/Territory,Preventive Services,Unsmoothed age standardized,Base measure,Primary chronic conditions,"Influenza Virus Vaccine",All,All,Dual & non-dual,50,VERMONT,American Indian/Alaska Native,All,"11-499",24
Medicare Fee For Service,2022,State/Territory,Preventive Services,Unsmoothed age standardized,Base measure,Primary chronic conditions,"Influenza Virus Vaccine",All,All,Dual & non-dual,51,VIRGINIA,American Indian/Alaska Native,All,"11-499",43
Medicare Fee For Service,2022,State/Territory,Preventive Services,Unsmoothed age standardized,Base measure,Primary chronic conditions,"Influenza Virus Vaccine",All,All,Dual & non-dual,53,WASHINGTON,American Indian/Alaska Native,All,"5,000-9,999",34
Medicare Fee For Service,2022,State/Territory,Preventive Services,Unsmoothed age standardized,Base measure,Primary chronic conditions,"Influenza Virus Vaccine",All,All,Dual & non-dual,54,WEST VIRGINIA,American Indian/Alaska Native,All,"11-499",30
Medicare Fee For Service,2022,State/Territory,Preventive Services,Unsmoothed age standardized,Base measure,Primary chronic conditions,"Influenza Virus Vaccine",All,All,Dual & non-dual,55,WISCONSIN,American Indian/Alaska Native,All,"1,000-4,999",43
Medicare Fee For Service,2022,State/Territory,Preventive Services,Unsmoothed age standardized,Base measure,Primary chronic conditions,"Influenza Virus Vaccine",All,All,Dual & non-dual,56,WYOMING,American Indian/Alaska Native,All,"1,000-4,999",24