population,year,geography,measure,adjustment,analysis,domain,condition,primary_sex,primary_age,primary_dual,fips,state,primary_race,primary_eligibility,primary_denominator,analysis_value
Medicare Fee For Service,2022,State/Territory,Prevention Quality Indicator (PQI),Unsmoothed age standardized,Base measure,Primary chronic conditions,"Prevention Quality Overall Composite (PQI #90)",All,All,Dual & non-dual,1,ALABAMA,White,All,"10,000+",3201
Medicare Fee For Service,2022,State/Territory,Prevention Quality Indicator (PQI),Unsmoothed age standardized,Base measure,Primary chronic conditions,"Prevention Quality Overall Composite (PQI #90)",All,All,Dual & non-dual,2,ALASKA,White,All,"10,000+",1653
Medicare Fee For Service,2022,State/Territory,Prevention Quality Indicator (PQI),Unsmoothed age standardized,Base measure,Primary chronic conditions,"Prevention Quality Overall Composite (PQI #90)",All,All,Dual & non-dual,4,ARIZONA,White,All,"10,000+",1863
Medicare Fee For Service,2022,State/Territory,Prevention Quality Indicator (PQI),Unsmoothed age standardized,Base measure,Primary chronic conditions,"Prevention Quality Overall Composite (PQI #90)",All,All,Dual & non-dual,5,ARKANSAS,White,All,"10,000+",2935
Medicare Fee For Service,2022,State/Territory,Prevention Quality Indicator (PQI),Unsmoothed age standardized,Base measure,Primary chronic conditions,"Prevention Quality Overall Composite (PQI #90)",All,All,Dual & non-dual,6,CALIFORNIA,White,All,"10,000+",2043
Medicare Fee For Service,2022,State/Territory,Prevention Quality Indicator (PQI),Unsmoothed age standardized,Base measure,Primary chronic conditions,"Prevention Quality Overall Composite (PQI #90)",All,All,Dual & non-dual,8,COLORADO,White,All,"10,000+",1630
Medicare Fee For Service,2022,State/Territory,Prevention Quality Indicator (PQI),Unsmoothed age standardized,Base measure,Primary chronic conditions,"Prevention Quality Overall Composite (PQI #90)",All,All,Dual & non-dual,9,CONNECTICUT,White,All,"10,000+",2422
Medicare Fee For Service,2022,State/Territory,Prevention Quality Indicator (PQI),Unsmoothed age standardized,Base measure,Primary chronic conditions,"Prevention Quality Overall Composite (PQI #90)",All,All,Dual & non-dual,10,DELAWARE,White,All,"10,000+",2564
Medicare Fee For Service,2022,State/Territory,Prevention Quality Indicator (PQI),Unsmoothed age standardized,Base measure,Primary chronic conditions,"Prevention Quality Overall Composite (PQI #90)",All,All,Dual & non-dual,11,DISTRICT OF COLUMBIA,White,All,"10,000+",1050
Medicare Fee For Service,2022,State/Territory,Prevention Quality Indicator (PQI),Unsmoothed age standardized,Base measure,Primary chronic conditions,"Prevention Quality Overall Composite (PQI #90)",All,All,Dual & non-dual,12,FLORIDA,White,All,"10,000+",2790
Medicare Fee For Service,2022,State/Territory,Prevention Quality Indicator (PQI),Unsmoothed age standardized,Base measure,Primary chronic conditions,"Prevention Quality Overall Composite (PQI #90)",All,All,Dual & non-dual,13,GEORGIA,White,All,"10,000+",2887
Medicare Fee For Service,2022,State/Territory,Prevention Quality Indicator (PQI),Unsmoothed age standardized,Base measure,Primary chronic conditions,"Prevention Quality Overall Composite (PQI #90)",All,All,Dual & non-dual,15,HAWAII,White,All,"10,000+",1498
Medicare Fee For Service,2022,State/Territory,Prevention Quality Indicator (PQI),Unsmoothed age standardized,Base measure,Primary chronic conditions,"Prevention Quality Overall Composite (PQI #90)",All,All,Dual & non-dual,16,IDAHO,White,All,"10,000+",1517
Medicare Fee For Service,2022,State/Territory,Prevention Quality Indicator (PQI),Unsmoothed age standardized,Base measure,Primary chronic conditions,"Prevention Quality Overall Composite (PQI #90)",All,All,Dual & non-dual,17,ILLINOIS,White,All,"10,000+",2981
Medicare Fee For Service,2022,State/Territory,Prevention Quality Indicator (PQI),Unsmoothed age standardized,Base measure,Primary chronic conditions,"Prevention Quality Overall Composite (PQI #90)",All,All,Dual & non-dual,18,INDIANA,White,All,"10,000+",2969
Medicare Fee For Service,2022,State/Territory,Prevention Quality Indicator (PQI),Unsmoothed age standardized,Base measure,Primary chronic conditions,"Prevention Quality Overall Composite (PQI #90)",All,All,Dual & non-dual,19,IOWA,White,All,"10,000+",2354
Medicare Fee For Service,2022,State/Territory,Prevention Quality Indicator (PQI),Unsmoothed age standardized,Base measure,Primary chronic conditions,"Prevention Quality Overall Composite (PQI #90)",All,All,Dual & non-dual,20,KANSAS,White,All,"10,000+",2480
Medicare Fee For Service,2022,State/Territory,Prevention Quality Indicator (PQI),Unsmoothed age standardized,Base measure,Primary chronic conditions,"Prevention Quality Overall Composite (PQI #90)",All,All,Dual & non-dual,21,KENTUCKY,White,All,"10,000+",3306
Medicare Fee For Service,2022,State/Territory,Prevention Quality Indicator (PQI),Unsmoothed age standardized,Base measure,Primary chronic conditions,"Prevention Quality Overall Composite (PQI #90)",All,All,Dual & non-dual,22,LOUISIANA,White,All,"10,000+",3104
Medicare Fee For Service,2022,State/Territory,Prevention Quality Indicator (PQI),Unsmoothed age standardized,Base measure,Primary chronic conditions,"Prevention Quality Overall Composite (PQI #90)",All,All,Dual & non-dual,23,MAINE,White,All,"10,000+",1968
Medicare Fee For Service,2022,State/Territory,Prevention Quality Indicator (PQI),Unsmoothed age standardized,Base measure,Primary chronic conditions,"Prevention Quality Overall Composite (PQI #90)",All,All,Dual & non-dual,24,MARYLAND,White,All,"10,000+",2251
Medicare Fee For Service,2022,State/Territory,Prevention Quality Indicator (PQI),Unsmoothed age standardized,Base measure,Primary chronic conditions,"Prevention Quality Overall Composite (PQI #90)",All,All,Dual & non-dual,25,MASSACHUSETTS,White,All,"10,000+",3122
Medicare Fee For Service,2022,State/Territory,Prevention Quality Indicator (PQI),Unsmoothed age standardized,Base measure,Primary chronic conditions,"Prevention Quality Overall Composite (PQI #90)",All,All,Dual & non-dual,26,MICHIGAN,White,All,"10,000+",2949
Medicare Fee For Service,2022,State/Territory,Prevention Quality Indicator (PQI),Unsmoothed age standardized,Base measure,Primary chronic conditions,"Prevention Quality Overall Composite (PQI #90)",All,All,Dual & non-dual,27,MINNESOTA,White,All,"10,000+",2181
Medicare Fee For Service,2022,State/Territory,Prevention Quality Indicator (PQI),Unsmoothed age standardized,Base measure,Primary chronic conditions,"Prevention Quality Overall Composite (PQI #90)",All,All,Dual & non-dual,28,MISSISSIPPI,White,All,"10,000+",3044
Medicare Fee For Service,2022,State/Territory,Prevention Quality Indicator (PQI),Unsmoothed age standardized,Base measure,Primary chronic conditions,"Prevention Quality Overall Composite (PQI #90)",All,All,Dual & non-dual,29,MISSOURI,White,All,"10,000+",2810
Medicare Fee For Service,2022,State/Territory,Prevention Quality Indicator (PQI),Unsmoothed age standardized,Base measure,Primary chronic conditions,"Prevention Quality Overall Composite (PQI #90)",All,All,Dual & non-dual,30,MONTANA,White,All,"10,000+",1695
Medicare Fee For Service,2022,State/Territory,Prevention Quality Indicator (PQI),Unsmoothed age standardized,Base measure,Primary chronic conditions,"Prevention Quality Overall Composite (PQI #90)",All,All,Dual & non-dual,31,NEBRASKA,White,All,"10,000+",2201
Medicare Fee For Service,2022,State/Territory,Prevention Quality Indicator (PQI),Unsmoothed age standardized,Base measure,Primary chronic conditions,"Prevention Quality Overall Composite (PQI #90)",All,All,Dual & non-dual,32,NEVADA,White,All,"10,000+",2548
Medicare Fee For Service,2022,State/Territory,Prevention Quality Indicator (PQI),Unsmoothed age standardized,Base measure,Primary chronic conditions,"Prevention Quality Overall Composite (PQI #90)",All,All,Dual & non-dual,33,NEW HAMPSHIRE,White,All,"10,000+",2337
Medicare Fee For Service,2022,State/Territory,Prevention Quality Indicator (PQI),Unsmoothed age standardized,Base measure,Primary chronic conditions,"Prevention Quality Overall Composite (PQI #90)",All,All,Dual & non-dual,34,NEW JERSEY,White,All,"10,000+",2853
Medicare Fee For Service,2022,State/Territory,Prevention Quality Indicator (PQI),Unsmoothed age standardized,Base measure,Primary chronic conditions,"Prevention Quality Overall Composite (PQI #90)",All,All,Dual & non-dual,35,NEW MEXICO,White,All,"10,000+",1758
Medicare Fee For Service,2022,State/Territory,Prevention Quality Indicator (PQI),Unsmoothed age standardized,Base measure,Primary chronic conditions,"Prevention Quality Overall Composite (PQI #90)",All,All,Dual & non-dual,36,NEW YORK,White,All,"10,000+",2397
Medicare Fee For Service,2022,State/Territory,Prevention Quality Indicator (PQI),Unsmoothed age standardized,Base measure,Primary chronic conditions,"Prevention Quality Overall Composite (PQI #90)",All,All,Dual & non-dual,37,NORTH CAROLINA,White,All,"10,000+",2476
Medicare Fee For Service,2022,State/Territory,Prevention Quality Indicator (PQI),Unsmoothed age standardized,Base measure,Primary chronic conditions,"Prevention Quality Overall Composite (PQI #90)",All,All,Dual & non-dual,38,NORTH DAKOTA,White,All,"10,000+",2819
Medicare Fee For Service,2022,State/Territory,Prevention Quality Indicator (PQI),Unsmoothed age standardized,Base measure,Primary chronic conditions,"Prevention Quality Overall Composite (PQI #90)",All,All,Dual & non-dual,39,OHIO,White,All,"10,000+",2914
Medicare Fee For Service,2022,State/Territory,Prevention Quality Indicator (PQI),Unsmoothed age standardized,Base measure,Primary chronic conditions,"Prevention Quality Overall Composite (PQI #90)",All,All,Dual & non-dual,40,OKLAHOMA,White,All,"10,000+",2811
Medicare Fee For Service,2022,State/Territory,Prevention Quality Indicator (PQI),Unsmoothed age standardized,Base measure,Primary chronic conditions,"Prevention Quality Overall Composite (PQI #90)",All,All,Dual & non-dual,41,OREGON,White,All,"10,000+",1774
Medicare Fee For Service,2022,State/Territory,Prevention Quality Indicator (PQI),Unsmoothed age standardized,Base measure,Primary chronic conditions,"Prevention Quality Overall Composite (PQI #90)",All,All,Dual & non-dual,42,PENNSYLVANIA,White,All,"10,000+",2808
Medicare Fee For Service,2022,State/Territory,Prevention Quality Indicator (PQI),Unsmoothed age standardized,Base measure,Primary chronic conditions,"Prevention Quality Overall Composite (PQI #90)",All,All,Dual & non-dual,44,RHODE ISLAND,White,All,"10,000+",2517
Medicare Fee For Service,2022,State/Territory,Prevention Quality Indicator (PQI),Unsmoothed age standardized,Base measure,Primary chronic conditions,"Prevention Quality Overall Composite (PQI #90)",All,All,Dual & non-dual,45,SOUTH CAROLINA,White,All,"10,000+",2334
Medicare Fee For Service,2022,State/Territory,Prevention Quality Indicator (PQI),Unsmoothed age standardized,Base measure,Primary chronic conditions,"Prevention Quality Overall Composite (PQI #90)",All,All,Dual & non-dual,46,SOUTH DAKOTA,White,All,"10,000+",2623
Medicare Fee For Service,2022,State/Territory,Prevention Quality Indicator (PQI),Unsmoothed age standardized,Base measure,Primary chronic conditions,"Prevention Quality Overall Composite (PQI #90)",All,All,Dual & non-dual,47,TENNESSEE,White,All,"10,000+",2710
Medicare Fee For Service,2022,State/Territory,Prevention Quality Indicator (PQI),Unsmoothed age standardized,Base measure,Primary chronic conditions,"Prevention Quality Overall Composite (PQI #90)",All,All,Dual & non-dual,48,TEXAS,White,All,"10,000+",2738
Medicare Fee For Service,2022,State/Territory,Prevention Quality Indicator (PQI),Unsmoothed age standardized,Base measure,Primary chronic conditions,"Prevention Quality Overall Composite (PQI #90)",All,All,Dual & non-dual,49,UTAH,White,All,"10,000+",1494
Medicare Fee For Service,2022,State/Territory,Prevention Quality Indicator (PQI),Unsmoothed age standardized,Base measure,Primary chronic conditions,"Prevention Quality Overall Composite (PQI #90)",All,All,Dual & non-dual,50,VERMONT,White,All,"10,000+",2119
Medicare Fee For Service,2022,State/Territory,Prevention Quality Indicator (PQI),Unsmoothed age standardized,Base measure,Primary chronic conditions,"Prevention Quality Overall Composite (PQI #90)",All,All,Dual & non-dual,51,VIRGINIA,White,All,"10,000+",2363
Medicare Fee For Service,2022,State/Territory,Prevention Quality Indicator (PQI),Unsmoothed age standardized,Base measure,Primary chronic conditions,"Prevention Quality Overall Composite (PQI #90)",All,All,Dual & non-dual,53,WASHINGTON,White,All,"10,000+",1811
Medicare Fee For Service,2022,State/Territory,Prevention Quality Indicator (PQI),Unsmoothed age standardized,Base measure,Primary chronic conditions,"Prevention Quality Overall Composite (PQI #90)",All,All,Dual & non-dual,54,WEST VIRGINIA,White,All,"10,000+",3929
Medicare Fee For Service,2022,State/Territory,Prevention Quality Indicator (PQI),Unsmoothed age standardized,Base measure,Primary chronic conditions,"Prevention Quality Overall Composite (PQI #90)",All,All,Dual & non-dual,55,WISCONSIN,White,All,"10,000+",2402
Medicare Fee For Service,2022,State/Territory,Prevention Quality Indicator (PQI),Unsmoothed age standardized,Base measure,Primary chronic conditions,"Prevention Quality Overall Composite (PQI #90)",All,All,Dual & non-dual,56,WYOMING,White,All,"10,000+",2469
Medicare Fee For Service,2022,State/Territory,Prevention Quality Indicator (PQI),Unsmoothed age standardized,Base measure,Primary chronic conditions,"Prevention Quality Overall Composite (PQI #90)",All,All,Dual & non-dual,60,AMERICAN SAMOA,White,All,"11-499",2397
Medicare Fee For Service,2022,State/Territory,Prevention Quality Indicator (PQI),Unsmoothed age standardized,Base measure,Primary chronic conditions,"Prevention Quality Overall Composite (PQI #90)",All,All,Dual & non-dual,66,GUAM,White,All,"1,000-4,999",2624
Medicare Fee For Service,2022,State/Territory,Prevention Quality Indicator (PQI),Unsmoothed age standardized,Base measure,Primary chronic conditions,"Prevention Quality Overall Composite (PQI #90)",All,All,Dual & non-dual,69,NORTHERN MARIANAS,White,All,"11-499",2938
Medicare Fee For Service,2022,State/Territory,Prevention Quality Indicator (PQI),Unsmoothed age standardized,Base measure,Primary chronic conditions,"Prevention Quality Overall Composite (PQI #90)",All,All,Dual & non-dual,72,PUERTO RICO,White,All,"1,000-4,999",1275
Medicare Fee For Service,2022,State/Territory,Prevention Quality Indicator (PQI),Unsmoothed age standardized,Base measure,Primary chronic conditions,"Prevention Quality Overall Composite (PQI #90)",All,All,Dual & non-dual,78,VIRGIN ISLANDS,White,All,"1,000-4,999",1061