population,year,geography,measure,adjustment,analysis,domain,condition,primary_sex,primary_age,primary_dual,fips,state,primary_race,primary_eligibility,primary_denominator,analysis_value
Medicare Fee For Service,2022,State/Territory,Prevention Quality Indicator (PQI),Unsmoothed age standardized,Base measure,Primary chronic conditions,"Prevention Quality Overall Composite (PQI #90)",All,All,Dual & non-dual,1,ALABAMA,Hispanic,All,"1,000-4,999",2997
Medicare Fee For Service,2022,State/Territory,Prevention Quality Indicator (PQI),Unsmoothed age standardized,Base measure,Primary chronic conditions,"Prevention Quality Overall Composite (PQI #90)",All,All,Dual & non-dual,2,ALASKA,Hispanic,All,"1,000-4,999",1551
Medicare Fee For Service,2022,State/Territory,Prevention Quality Indicator (PQI),Unsmoothed age standardized,Base measure,Primary chronic conditions,"Prevention Quality Overall Composite (PQI #90)",All,All,Dual & non-dual,4,ARIZONA,Hispanic,All,"10,000+",1977
Medicare Fee For Service,2022,State/Territory,Prevention Quality Indicator (PQI),Unsmoothed age standardized,Base measure,Primary chronic conditions,"Prevention Quality Overall Composite (PQI #90)",All,All,Dual & non-dual,5,ARKANSAS,Hispanic,All,"5,000-9,999",3275
Medicare Fee For Service,2022,State/Territory,Prevention Quality Indicator (PQI),Unsmoothed age standardized,Base measure,Primary chronic conditions,"Prevention Quality Overall Composite (PQI #90)",All,All,Dual & non-dual,6,CALIFORNIA,Hispanic,All,"10,000+",2881
Medicare Fee For Service,2022,State/Territory,Prevention Quality Indicator (PQI),Unsmoothed age standardized,Base measure,Primary chronic conditions,"Prevention Quality Overall Composite (PQI #90)",All,All,Dual & non-dual,8,COLORADO,Hispanic,All,"10,000+",2113
Medicare Fee For Service,2022,State/Territory,Prevention Quality Indicator (PQI),Unsmoothed age standardized,Base measure,Primary chronic conditions,"Prevention Quality Overall Composite (PQI #90)",All,All,Dual & non-dual,9,CONNECTICUT,Hispanic,All,"10,000+",3517
Medicare Fee For Service,2022,State/Territory,Prevention Quality Indicator (PQI),Unsmoothed age standardized,Base measure,Primary chronic conditions,"Prevention Quality Overall Composite (PQI #90)",All,All,Dual & non-dual,10,DELAWARE,Hispanic,All,"1,000-4,999",2851
Medicare Fee For Service,2022,State/Territory,Prevention Quality Indicator (PQI),Unsmoothed age standardized,Base measure,Primary chronic conditions,"Prevention Quality Overall Composite (PQI #90)",All,All,Dual & non-dual,11,DISTRICT OF COLUMBIA,Hispanic,All,"1,000-4,999",3051
Medicare Fee For Service,2022,State/Territory,Prevention Quality Indicator (PQI),Unsmoothed age standardized,Base measure,Primary chronic conditions,"Prevention Quality Overall Composite (PQI #90)",All,All,Dual & non-dual,12,FLORIDA,Hispanic,All,"10,000+",4125
Medicare Fee For Service,2022,State/Territory,Prevention Quality Indicator (PQI),Unsmoothed age standardized,Base measure,Primary chronic conditions,"Prevention Quality Overall Composite (PQI #90)",All,All,Dual & non-dual,13,GEORGIA,Hispanic,All,"10,000+",2320
Medicare Fee For Service,2022,State/Territory,Prevention Quality Indicator (PQI),Unsmoothed age standardized,Base measure,Primary chronic conditions,"Prevention Quality Overall Composite (PQI #90)",All,All,Dual & non-dual,15,HAWAII,Hispanic,All,"1,000-4,999",2670
Medicare Fee For Service,2022,State/Territory,Prevention Quality Indicator (PQI),Unsmoothed age standardized,Base measure,Primary chronic conditions,"Prevention Quality Overall Composite (PQI #90)",All,All,Dual & non-dual,16,IDAHO,Hispanic,All,"5,000-9,999",1884
Medicare Fee For Service,2022,State/Territory,Prevention Quality Indicator (PQI),Unsmoothed age standardized,Base measure,Primary chronic conditions,"Prevention Quality Overall Composite (PQI #90)",All,All,Dual & non-dual,17,ILLINOIS,Hispanic,All,"10,000+",3209
Medicare Fee For Service,2022,State/Territory,Prevention Quality Indicator (PQI),Unsmoothed age standardized,Base measure,Primary chronic conditions,"Prevention Quality Overall Composite (PQI #90)",All,All,Dual & non-dual,18,INDIANA,Hispanic,All,"10,000+",3304
Medicare Fee For Service,2022,State/Territory,Prevention Quality Indicator (PQI),Unsmoothed age standardized,Base measure,Primary chronic conditions,"Prevention Quality Overall Composite (PQI #90)",All,All,Dual & non-dual,19,IOWA,Hispanic,All,"5,000-9,999",2231
Medicare Fee For Service,2022,State/Territory,Prevention Quality Indicator (PQI),Unsmoothed age standardized,Base measure,Primary chronic conditions,"Prevention Quality Overall Composite (PQI #90)",All,All,Dual & non-dual,20,KANSAS,Hispanic,All,"10,000+",2277
Medicare Fee For Service,2022,State/Territory,Prevention Quality Indicator (PQI),Unsmoothed age standardized,Base measure,Primary chronic conditions,"Prevention Quality Overall Composite (PQI #90)",All,All,Dual & non-dual,21,KENTUCKY,Hispanic,All,"1,000-4,999",2910
Medicare Fee For Service,2022,State/Territory,Prevention Quality Indicator (PQI),Unsmoothed age standardized,Base measure,Primary chronic conditions,"Prevention Quality Overall Composite (PQI #90)",All,All,Dual & non-dual,22,LOUISIANA,Hispanic,All,"5,000-9,999",3021
Medicare Fee For Service,2022,State/Territory,Prevention Quality Indicator (PQI),Unsmoothed age standardized,Base measure,Primary chronic conditions,"Prevention Quality Overall Composite (PQI #90)",All,All,Dual & non-dual,23,MAINE,Hispanic,All,"500-999",4082
Medicare Fee For Service,2022,State/Territory,Prevention Quality Indicator (PQI),Unsmoothed age standardized,Base measure,Primary chronic conditions,"Prevention Quality Overall Composite (PQI #90)",All,All,Dual & non-dual,24,MARYLAND,Hispanic,All,"10,000+",2186
Medicare Fee For Service,2022,State/Territory,Prevention Quality Indicator (PQI),Unsmoothed age standardized,Base measure,Primary chronic conditions,"Prevention Quality Overall Composite (PQI #90)",All,All,Dual & non-dual,25,MASSACHUSETTS,Hispanic,All,"10,000+",4609
Medicare Fee For Service,2022,State/Territory,Prevention Quality Indicator (PQI),Unsmoothed age standardized,Base measure,Primary chronic conditions,"Prevention Quality Overall Composite (PQI #90)",All,All,Dual & non-dual,26,MICHIGAN,Hispanic,All,"10,000+",3892
Medicare Fee For Service,2022,State/Territory,Prevention Quality Indicator (PQI),Unsmoothed age standardized,Base measure,Primary chronic conditions,"Prevention Quality Overall Composite (PQI #90)",All,All,Dual & non-dual,27,MINNESOTA,Hispanic,All,"5,000-9,999",2398
Medicare Fee For Service,2022,State/Territory,Prevention Quality Indicator (PQI),Unsmoothed age standardized,Base measure,Primary chronic conditions,"Prevention Quality Overall Composite (PQI #90)",All,All,Dual & non-dual,28,MISSISSIPPI,Hispanic,All,"1,000-4,999",2588
Medicare Fee For Service,2022,State/Territory,Prevention Quality Indicator (PQI),Unsmoothed age standardized,Base measure,Primary chronic conditions,"Prevention Quality Overall Composite (PQI #90)",All,All,Dual & non-dual,29,MISSOURI,Hispanic,All,"5,000-9,999",3021
Medicare Fee For Service,2022,State/Territory,Prevention Quality Indicator (PQI),Unsmoothed age standardized,Base measure,Primary chronic conditions,"Prevention Quality Overall Composite (PQI #90)",All,All,Dual & non-dual,30,MONTANA,Hispanic,All,"1,000-4,999",1517
Medicare Fee For Service,2022,State/Territory,Prevention Quality Indicator (PQI),Unsmoothed age standardized,Base measure,Primary chronic conditions,"Prevention Quality Overall Composite (PQI #90)",All,All,Dual & non-dual,31,NEBRASKA,Hispanic,All,"5,000-9,999",2056
Medicare Fee For Service,2022,State/Territory,Prevention Quality Indicator (PQI),Unsmoothed age standardized,Base measure,Primary chronic conditions,"Prevention Quality Overall Composite (PQI #90)",All,All,Dual & non-dual,32,NEVADA,Hispanic,All,"10,000+",2957
Medicare Fee For Service,2022,State/Territory,Prevention Quality Indicator (PQI),Unsmoothed age standardized,Base measure,Primary chronic conditions,"Prevention Quality Overall Composite (PQI #90)",All,All,Dual & non-dual,33,NEW HAMPSHIRE,Hispanic,All,"1,000-4,999",3689
Medicare Fee For Service,2022,State/Territory,Prevention Quality Indicator (PQI),Unsmoothed age standardized,Base measure,Primary chronic conditions,"Prevention Quality Overall Composite (PQI #90)",All,All,Dual & non-dual,34,NEW JERSEY,Hispanic,All,"10,000+",3095
Medicare Fee For Service,2022,State/Territory,Prevention Quality Indicator (PQI),Unsmoothed age standardized,Base measure,Primary chronic conditions,"Prevention Quality Overall Composite (PQI #90)",All,All,Dual & non-dual,35,NEW MEXICO,Hispanic,All,"10,000+",2132
Medicare Fee For Service,2022,State/Territory,Prevention Quality Indicator (PQI),Unsmoothed age standardized,Base measure,Primary chronic conditions,"Prevention Quality Overall Composite (PQI #90)",All,All,Dual & non-dual,36,NEW YORK,Hispanic,All,"10,000+",3195
Medicare Fee For Service,2022,State/Territory,Prevention Quality Indicator (PQI),Unsmoothed age standardized,Base measure,Primary chronic conditions,"Prevention Quality Overall Composite (PQI #90)",All,All,Dual & non-dual,37,NORTH CAROLINA,Hispanic,All,"10,000+",2346
Medicare Fee For Service,2022,State/Territory,Prevention Quality Indicator (PQI),Unsmoothed age standardized,Base measure,Primary chronic conditions,"Prevention Quality Overall Composite (PQI #90)",All,All,Dual & non-dual,38,NORTH DAKOTA,Hispanic,All,"500-999",2891
Medicare Fee For Service,2022,State/Territory,Prevention Quality Indicator (PQI),Unsmoothed age standardized,Base measure,Primary chronic conditions,"Prevention Quality Overall Composite (PQI #90)",All,All,Dual & non-dual,39,OHIO,Hispanic,All,"10,000+",3484
Medicare Fee For Service,2022,State/Territory,Prevention Quality Indicator (PQI),Unsmoothed age standardized,Base measure,Primary chronic conditions,"Prevention Quality Overall Composite (PQI #90)",All,All,Dual & non-dual,40,OKLAHOMA,Hispanic,All,"10,000+",2749
Medicare Fee For Service,2022,State/Territory,Prevention Quality Indicator (PQI),Unsmoothed age standardized,Base measure,Primary chronic conditions,"Prevention Quality Overall Composite (PQI #90)",All,All,Dual & non-dual,41,OREGON,Hispanic,All,"10,000+",2159
Medicare Fee For Service,2022,State/Territory,Prevention Quality Indicator (PQI),Unsmoothed age standardized,Base measure,Primary chronic conditions,"Prevention Quality Overall Composite (PQI #90)",All,All,Dual & non-dual,42,PENNSYLVANIA,Hispanic,All,"10,000+",4047
Medicare Fee For Service,2022,State/Territory,Prevention Quality Indicator (PQI),Unsmoothed age standardized,Base measure,Primary chronic conditions,"Prevention Quality Overall Composite (PQI #90)",All,All,Dual & non-dual,44,RHODE ISLAND,Hispanic,All,"1,000-4,999",3044
Medicare Fee For Service,2022,State/Territory,Prevention Quality Indicator (PQI),Unsmoothed age standardized,Base measure,Primary chronic conditions,"Prevention Quality Overall Composite (PQI #90)",All,All,Dual & non-dual,45,SOUTH CAROLINA,Hispanic,All,"5,000-9,999",2674
Medicare Fee For Service,2022,State/Territory,Prevention Quality Indicator (PQI),Unsmoothed age standardized,Base measure,Primary chronic conditions,"Prevention Quality Overall Composite (PQI #90)",All,All,Dual & non-dual,46,SOUTH DAKOTA,Hispanic,All,"500-999",2392
Medicare Fee For Service,2022,State/Territory,Prevention Quality Indicator (PQI),Unsmoothed age standardized,Base measure,Primary chronic conditions,"Prevention Quality Overall Composite (PQI #90)",All,All,Dual & non-dual,47,TENNESSEE,Hispanic,All,"5,000-9,999",2370
Medicare Fee For Service,2022,State/Territory,Prevention Quality Indicator (PQI),Unsmoothed age standardized,Base measure,Primary chronic conditions,"Prevention Quality Overall Composite (PQI #90)",All,All,Dual & non-dual,48,TEXAS,Hispanic,All,"10,000+",3098
Medicare Fee For Service,2022,State/Territory,Prevention Quality Indicator (PQI),Unsmoothed age standardized,Base measure,Primary chronic conditions,"Prevention Quality Overall Composite (PQI #90)",All,All,Dual & non-dual,49,UTAH,Hispanic,All,"10,000+",1676
Medicare Fee For Service,2022,State/Territory,Prevention Quality Indicator (PQI),Unsmoothed age standardized,Base measure,Primary chronic conditions,"Prevention Quality Overall Composite (PQI #90)",All,All,Dual & non-dual,50,VERMONT,Hispanic,All,"11-499",4453
Medicare Fee For Service,2022,State/Territory,Prevention Quality Indicator (PQI),Unsmoothed age standardized,Base measure,Primary chronic conditions,"Prevention Quality Overall Composite (PQI #90)",All,All,Dual & non-dual,51,VIRGINIA,Hispanic,All,"10,000+",2128
Medicare Fee For Service,2022,State/Territory,Prevention Quality Indicator (PQI),Unsmoothed age standardized,Base measure,Primary chronic conditions,"Prevention Quality Overall Composite (PQI #90)",All,All,Dual & non-dual,53,WASHINGTON,Hispanic,All,"10,000+",2307
Medicare Fee For Service,2022,State/Territory,Prevention Quality Indicator (PQI),Unsmoothed age standardized,Base measure,Primary chronic conditions,"Prevention Quality Overall Composite (PQI #90)",All,All,Dual & non-dual,54,WEST VIRGINIA,Hispanic,All,"500-999",4274
Medicare Fee For Service,2022,State/Territory,Prevention Quality Indicator (PQI),Unsmoothed age standardized,Base measure,Primary chronic conditions,"Prevention Quality Overall Composite (PQI #90)",All,All,Dual & non-dual,55,WISCONSIN,Hispanic,All,"5,000-9,999",2849
Medicare Fee For Service,2022,State/Territory,Prevention Quality Indicator (PQI),Unsmoothed age standardized,Base measure,Primary chronic conditions,"Prevention Quality Overall Composite (PQI #90)",All,All,Dual & non-dual,56,WYOMING,Hispanic,All,"1,000-4,999",2786
Medicare Fee For Service,2022,State/Territory,Prevention Quality Indicator (PQI),Unsmoothed age standardized,Base measure,Primary chronic conditions,"Prevention Quality Overall Composite (PQI #90)",All,All,Dual & non-dual,60,AMERICAN SAMOA,Hispanic,All,"11-499",0
Medicare Fee For Service,2022,State/Territory,Prevention Quality Indicator (PQI),Unsmoothed age standardized,Base measure,Primary chronic conditions,"Prevention Quality Overall Composite (PQI #90)",All,All,Dual & non-dual,66,GUAM,Hispanic,All,"1,000-4,999",5120
Medicare Fee For Service,2022,State/Territory,Prevention Quality Indicator (PQI),Unsmoothed age standardized,Base measure,Primary chronic conditions,"Prevention Quality Overall Composite (PQI #90)",All,All,Dual & non-dual,69,NORTHERN MARIANAS,Hispanic,All,"11-499",5510
Medicare Fee For Service,2022,State/Territory,Prevention Quality Indicator (PQI),Unsmoothed age standardized,Base measure,Primary chronic conditions,"Prevention Quality Overall Composite (PQI #90)",All,All,Dual & non-dual,72,PUERTO RICO,Hispanic,All,"10,000+",2325
Medicare Fee For Service,2022,State/Territory,Prevention Quality Indicator (PQI),Unsmoothed age standardized,Base measure,Primary chronic conditions,"Prevention Quality Overall Composite (PQI #90)",All,All,Dual & non-dual,78,VIRGIN ISLANDS,Hispanic,All,"1,000-4,999",1193