population,year,geography,measure,adjustment,analysis,domain,condition,primary_sex,primary_age,primary_dual,fips,state,primary_race,primary_eligibility,primary_denominator,analysis_value
Medicare Fee For Service,2022,State/Territory,Prevention Quality Indicator (PQI),Unsmoothed age standardized,Base measure,Primary chronic conditions,"Prevention Quality Overall Composite (PQI #90)",All,All,Dual & non-dual,1,ALABAMA,American Indian/Alaska Native,All,"11-499",7625
Medicare Fee For Service,2022,State/Territory,Prevention Quality Indicator (PQI),Unsmoothed age standardized,Base measure,Primary chronic conditions,"Prevention Quality Overall Composite (PQI #90)",All,All,Dual & non-dual,2,ALASKA,American Indian/Alaska Native,All,"10,000+",4043
Medicare Fee For Service,2022,State/Territory,Prevention Quality Indicator (PQI),Unsmoothed age standardized,Base measure,Primary chronic conditions,"Prevention Quality Overall Composite (PQI #90)",All,All,Dual & non-dual,4,ARIZONA,American Indian/Alaska Native,All,"10,000+",4392
Medicare Fee For Service,2022,State/Territory,Prevention Quality Indicator (PQI),Unsmoothed age standardized,Base measure,Primary chronic conditions,"Prevention Quality Overall Composite (PQI #90)",All,All,Dual & non-dual,5,ARKANSAS,American Indian/Alaska Native,All,"1,000-4,999",3576
Medicare Fee For Service,2022,State/Territory,Prevention Quality Indicator (PQI),Unsmoothed age standardized,Base measure,Primary chronic conditions,"Prevention Quality Overall Composite (PQI #90)",All,All,Dual & non-dual,6,CALIFORNIA,American Indian/Alaska Native,All,"10,000+",3924
Medicare Fee For Service,2022,State/Territory,Prevention Quality Indicator (PQI),Unsmoothed age standardized,Base measure,Primary chronic conditions,"Prevention Quality Overall Composite (PQI #90)",All,All,Dual & non-dual,8,COLORADO,American Indian/Alaska Native,All,"1,000-4,999",3302
Medicare Fee For Service,2022,State/Territory,Prevention Quality Indicator (PQI),Unsmoothed age standardized,Base measure,Primary chronic conditions,"Prevention Quality Overall Composite (PQI #90)",All,All,Dual & non-dual,9,CONNECTICUT,American Indian/Alaska Native,All,"11-499",4893
Medicare Fee For Service,2022,State/Territory,Prevention Quality Indicator (PQI),Unsmoothed age standardized,Base measure,Primary chronic conditions,"Prevention Quality Overall Composite (PQI #90)",All,All,Dual & non-dual,10,DELAWARE,American Indian/Alaska Native,All,"11-499",0
Medicare Fee For Service,2022,State/Territory,Prevention Quality Indicator (PQI),Unsmoothed age standardized,Base measure,Primary chronic conditions,"Prevention Quality Overall Composite (PQI #90)",All,All,Dual & non-dual,11,DISTRICT OF COLUMBIA,American Indian/Alaska Native,All,"11-499",0
Medicare Fee For Service,2022,State/Territory,Prevention Quality Indicator (PQI),Unsmoothed age standardized,Base measure,Primary chronic conditions,"Prevention Quality Overall Composite (PQI #90)",All,All,Dual & non-dual,12,FLORIDA,American Indian/Alaska Native,All,"1,000-4,999",4554
Medicare Fee For Service,2022,State/Territory,Prevention Quality Indicator (PQI),Unsmoothed age standardized,Base measure,Primary chronic conditions,"Prevention Quality Overall Composite (PQI #90)",All,All,Dual & non-dual,13,GEORGIA,American Indian/Alaska Native,All,"11-499",1554
Medicare Fee For Service,2022,State/Territory,Prevention Quality Indicator (PQI),Unsmoothed age standardized,Base measure,Primary chronic conditions,"Prevention Quality Overall Composite (PQI #90)",All,All,Dual & non-dual,15,HAWAII,American Indian/Alaska Native,All,"11-499",0
Medicare Fee For Service,2022,State/Territory,Prevention Quality Indicator (PQI),Unsmoothed age standardized,Base measure,Primary chronic conditions,"Prevention Quality Overall Composite (PQI #90)",All,All,Dual & non-dual,16,IDAHO,American Indian/Alaska Native,All,"1,000-4,999",3096
Medicare Fee For Service,2022,State/Territory,Prevention Quality Indicator (PQI),Unsmoothed age standardized,Base measure,Primary chronic conditions,"Prevention Quality Overall Composite (PQI #90)",All,All,Dual & non-dual,17,ILLINOIS,American Indian/Alaska Native,All,"11-499",4860
Medicare Fee For Service,2022,State/Territory,Prevention Quality Indicator (PQI),Unsmoothed age standardized,Base measure,Primary chronic conditions,"Prevention Quality Overall Composite (PQI #90)",All,All,Dual & non-dual,18,INDIANA,American Indian/Alaska Native,All,"11-499",10047
Medicare Fee For Service,2022,State/Territory,Prevention Quality Indicator (PQI),Unsmoothed age standardized,Base measure,Primary chronic conditions,"Prevention Quality Overall Composite (PQI #90)",All,All,Dual & non-dual,19,IOWA,American Indian/Alaska Native,All,"500-999",3114
Medicare Fee For Service,2022,State/Territory,Prevention Quality Indicator (PQI),Unsmoothed age standardized,Base measure,Primary chronic conditions,"Prevention Quality Overall Composite (PQI #90)",All,All,Dual & non-dual,20,KANSAS,American Indian/Alaska Native,All,"1,000-4,999",3904
Medicare Fee For Service,2022,State/Territory,Prevention Quality Indicator (PQI),Unsmoothed age standardized,Base measure,Primary chronic conditions,"Prevention Quality Overall Composite (PQI #90)",All,All,Dual & non-dual,21,KENTUCKY,American Indian/Alaska Native,All,"11-499",4412
Medicare Fee For Service,2022,State/Territory,Prevention Quality Indicator (PQI),Unsmoothed age standardized,Base measure,Primary chronic conditions,"Prevention Quality Overall Composite (PQI #90)",All,All,Dual & non-dual,22,LOUISIANA,American Indian/Alaska Native,All,"500-999",6331
Medicare Fee For Service,2022,State/Territory,Prevention Quality Indicator (PQI),Unsmoothed age standardized,Base measure,Primary chronic conditions,"Prevention Quality Overall Composite (PQI #90)",All,All,Dual & non-dual,23,MAINE,American Indian/Alaska Native,All,"500-999",4571
Medicare Fee For Service,2022,State/Territory,Prevention Quality Indicator (PQI),Unsmoothed age standardized,Base measure,Primary chronic conditions,"Prevention Quality Overall Composite (PQI #90)",All,All,Dual & non-dual,24,MARYLAND,American Indian/Alaska Native,All,"11-499",3177
Medicare Fee For Service,2022,State/Territory,Prevention Quality Indicator (PQI),Unsmoothed age standardized,Base measure,Primary chronic conditions,"Prevention Quality Overall Composite (PQI #90)",All,All,Dual & non-dual,25,MASSACHUSETTS,American Indian/Alaska Native,All,"500-999",2154
Medicare Fee For Service,2022,State/Territory,Prevention Quality Indicator (PQI),Unsmoothed age standardized,Base measure,Primary chronic conditions,"Prevention Quality Overall Composite (PQI #90)",All,All,Dual & non-dual,26,MICHIGAN,American Indian/Alaska Native,All,"1,000-4,999",3214
Medicare Fee For Service,2022,State/Territory,Prevention Quality Indicator (PQI),Unsmoothed age standardized,Base measure,Primary chronic conditions,"Prevention Quality Overall Composite (PQI #90)",All,All,Dual & non-dual,27,MINNESOTA,American Indian/Alaska Native,All,"1,000-4,999",4495
Medicare Fee For Service,2022,State/Territory,Prevention Quality Indicator (PQI),Unsmoothed age standardized,Base measure,Primary chronic conditions,"Prevention Quality Overall Composite (PQI #90)",All,All,Dual & non-dual,28,MISSISSIPPI,American Indian/Alaska Native,All,"500-999",11859
Medicare Fee For Service,2022,State/Territory,Prevention Quality Indicator (PQI),Unsmoothed age standardized,Base measure,Primary chronic conditions,"Prevention Quality Overall Composite (PQI #90)",All,All,Dual & non-dual,29,MISSOURI,American Indian/Alaska Native,All,"500-999",3764
Medicare Fee For Service,2022,State/Territory,Prevention Quality Indicator (PQI),Unsmoothed age standardized,Base measure,Primary chronic conditions,"Prevention Quality Overall Composite (PQI #90)",All,All,Dual & non-dual,30,MONTANA,American Indian/Alaska Native,All,"5,000-9,999",3811
Medicare Fee For Service,2022,State/Territory,Prevention Quality Indicator (PQI),Unsmoothed age standardized,Base measure,Primary chronic conditions,"Prevention Quality Overall Composite (PQI #90)",All,All,Dual & non-dual,31,NEBRASKA,American Indian/Alaska Native,All,"1,000-4,999",4102
Medicare Fee For Service,2022,State/Territory,Prevention Quality Indicator (PQI),Unsmoothed age standardized,Base measure,Primary chronic conditions,"Prevention Quality Overall Composite (PQI #90)",All,All,Dual & non-dual,32,NEVADA,American Indian/Alaska Native,All,"1,000-4,999",3222
Medicare Fee For Service,2022,State/Territory,Prevention Quality Indicator (PQI),Unsmoothed age standardized,Base measure,Primary chronic conditions,"Prevention Quality Overall Composite (PQI #90)",All,All,Dual & non-dual,33,NEW HAMPSHIRE,American Indian/Alaska Native,All,"11-499",6014
Medicare Fee For Service,2022,State/Territory,Prevention Quality Indicator (PQI),Unsmoothed age standardized,Base measure,Primary chronic conditions,"Prevention Quality Overall Composite (PQI #90)",All,All,Dual & non-dual,34,NEW JERSEY,American Indian/Alaska Native,All,"11-499",0
Medicare Fee For Service,2022,State/Territory,Prevention Quality Indicator (PQI),Unsmoothed age standardized,Base measure,Primary chronic conditions,"Prevention Quality Overall Composite (PQI #90)",All,All,Dual & non-dual,35,NEW MEXICO,American Indian/Alaska Native,All,"10,000+",3339
Medicare Fee For Service,2022,State/Territory,Prevention Quality Indicator (PQI),Unsmoothed age standardized,Base measure,Primary chronic conditions,"Prevention Quality Overall Composite (PQI #90)",All,All,Dual & non-dual,36,NEW YORK,American Indian/Alaska Native,All,"1,000-4,999",4378
Medicare Fee For Service,2022,State/Territory,Prevention Quality Indicator (PQI),Unsmoothed age standardized,Base measure,Primary chronic conditions,"Prevention Quality Overall Composite (PQI #90)",All,All,Dual & non-dual,37,NORTH CAROLINA,American Indian/Alaska Native,All,"5,000-9,999",4217
Medicare Fee For Service,2022,State/Territory,Prevention Quality Indicator (PQI),Unsmoothed age standardized,Base measure,Primary chronic conditions,"Prevention Quality Overall Composite (PQI #90)",All,All,Dual & non-dual,38,NORTH DAKOTA,American Indian/Alaska Native,All,"1,000-4,999",5621
Medicare Fee For Service,2022,State/Territory,Prevention Quality Indicator (PQI),Unsmoothed age standardized,Base measure,Primary chronic conditions,"Prevention Quality Overall Composite (PQI #90)",All,All,Dual & non-dual,39,OHIO,American Indian/Alaska Native,All,"11-499",3120
Medicare Fee For Service,2022,State/Territory,Prevention Quality Indicator (PQI),Unsmoothed age standardized,Base measure,Primary chronic conditions,"Prevention Quality Overall Composite (PQI #90)",All,All,Dual & non-dual,40,OKLAHOMA,American Indian/Alaska Native,All,"10,000+",4401
Medicare Fee For Service,2022,State/Territory,Prevention Quality Indicator (PQI),Unsmoothed age standardized,Base measure,Primary chronic conditions,"Prevention Quality Overall Composite (PQI #90)",All,All,Dual & non-dual,41,OREGON,American Indian/Alaska Native,All,"1,000-4,999",2255
Medicare Fee For Service,2022,State/Territory,Prevention Quality Indicator (PQI),Unsmoothed age standardized,Base measure,Primary chronic conditions,"Prevention Quality Overall Composite (PQI #90)",All,All,Dual & non-dual,42,PENNSYLVANIA,American Indian/Alaska Native,All,"11-499",2095
Medicare Fee For Service,2022,State/Territory,Prevention Quality Indicator (PQI),Unsmoothed age standardized,Base measure,Primary chronic conditions,"Prevention Quality Overall Composite (PQI #90)",All,All,Dual & non-dual,44,RHODE ISLAND,American Indian/Alaska Native,All,"11-499",3109
Medicare Fee For Service,2022,State/Territory,Prevention Quality Indicator (PQI),Unsmoothed age standardized,Base measure,Primary chronic conditions,"Prevention Quality Overall Composite (PQI #90)",All,All,Dual & non-dual,45,SOUTH CAROLINA,American Indian/Alaska Native,All,"11-499",342
Medicare Fee For Service,2022,State/Territory,Prevention Quality Indicator (PQI),Unsmoothed age standardized,Base measure,Primary chronic conditions,"Prevention Quality Overall Composite (PQI #90)",All,All,Dual & non-dual,46,SOUTH DAKOTA,American Indian/Alaska Native,All,"5,000-9,999",4212
Medicare Fee For Service,2022,State/Territory,Prevention Quality Indicator (PQI),Unsmoothed age standardized,Base measure,Primary chronic conditions,"Prevention Quality Overall Composite (PQI #90)",All,All,Dual & non-dual,47,TENNESSEE,American Indian/Alaska Native,All,"11-499",415
Medicare Fee For Service,2022,State/Territory,Prevention Quality Indicator (PQI),Unsmoothed age standardized,Base measure,Primary chronic conditions,"Prevention Quality Overall Composite (PQI #90)",All,All,Dual & non-dual,48,TEXAS,American Indian/Alaska Native,All,"1,000-4,999",4775
Medicare Fee For Service,2022,State/Territory,Prevention Quality Indicator (PQI),Unsmoothed age standardized,Base measure,Primary chronic conditions,"Prevention Quality Overall Composite (PQI #90)",All,All,Dual & non-dual,49,UTAH,American Indian/Alaska Native,All,"1,000-4,999",2854
Medicare Fee For Service,2022,State/Territory,Prevention Quality Indicator (PQI),Unsmoothed age standardized,Base measure,Primary chronic conditions,"Prevention Quality Overall Composite (PQI #90)",All,All,Dual & non-dual,50,VERMONT,American Indian/Alaska Native,All,"11-499",0
Medicare Fee For Service,2022,State/Territory,Prevention Quality Indicator (PQI),Unsmoothed age standardized,Base measure,Primary chronic conditions,"Prevention Quality Overall Composite (PQI #90)",All,All,Dual & non-dual,51,VIRGINIA,American Indian/Alaska Native,All,"11-499",2516
Medicare Fee For Service,2022,State/Territory,Prevention Quality Indicator (PQI),Unsmoothed age standardized,Base measure,Primary chronic conditions,"Prevention Quality Overall Composite (PQI #90)",All,All,Dual & non-dual,53,WASHINGTON,American Indian/Alaska Native,All,"5,000-9,999",3024
Medicare Fee For Service,2022,State/Territory,Prevention Quality Indicator (PQI),Unsmoothed age standardized,Base measure,Primary chronic conditions,"Prevention Quality Overall Composite (PQI #90)",All,All,Dual & non-dual,54,WEST VIRGINIA,American Indian/Alaska Native,All,"11-499",0
Medicare Fee For Service,2022,State/Territory,Prevention Quality Indicator (PQI),Unsmoothed age standardized,Base measure,Primary chronic conditions,"Prevention Quality Overall Composite (PQI #90)",All,All,Dual & non-dual,55,WISCONSIN,American Indian/Alaska Native,All,"1,000-4,999",3837
Medicare Fee For Service,2022,State/Territory,Prevention Quality Indicator (PQI),Unsmoothed age standardized,Base measure,Primary chronic conditions,"Prevention Quality Overall Composite (PQI #90)",All,All,Dual & non-dual,56,WYOMING,American Indian/Alaska Native,All,"1,000-4,999",5316