population,year,geography,measure,adjustment,analysis,domain,condition,primary_sex,primary_age,primary_dual,fips,state,primary_race,primary_eligibility,primary_denominator,analysis_value
Medicare Fee For Service,2022,State/Territory,Prevention Quality Indicator (PQI),Unsmoothed age standardized,Base measure,Primary chronic conditions,"Prevention Quality Overall Composite (PQI #90)",All,All,Dual & non-dual,1,ALABAMA,Black,All,"10,000+",4074
Medicare Fee For Service,2022,State/Territory,Prevention Quality Indicator (PQI),Unsmoothed age standardized,Base measure,Primary chronic conditions,"Prevention Quality Overall Composite (PQI #90)",All,All,Dual & non-dual,2,ALASKA,Black,All,"1,000-4,999",2679
Medicare Fee For Service,2022,State/Territory,Prevention Quality Indicator (PQI),Unsmoothed age standardized,Base measure,Primary chronic conditions,"Prevention Quality Overall Composite (PQI #90)",All,All,Dual & non-dual,4,ARIZONA,Black,All,"10,000+",2877
Medicare Fee For Service,2022,State/Territory,Prevention Quality Indicator (PQI),Unsmoothed age standardized,Base measure,Primary chronic conditions,"Prevention Quality Overall Composite (PQI #90)",All,All,Dual & non-dual,5,ARKANSAS,Black,All,"10,000+",3797
Medicare Fee For Service,2022,State/Territory,Prevention Quality Indicator (PQI),Unsmoothed age standardized,Base measure,Primary chronic conditions,"Prevention Quality Overall Composite (PQI #90)",All,All,Dual & non-dual,6,CALIFORNIA,Black,All,"10,000+",4346
Medicare Fee For Service,2022,State/Territory,Prevention Quality Indicator (PQI),Unsmoothed age standardized,Base measure,Primary chronic conditions,"Prevention Quality Overall Composite (PQI #90)",All,All,Dual & non-dual,8,COLORADO,Black,All,"10,000+",2766
Medicare Fee For Service,2022,State/Territory,Prevention Quality Indicator (PQI),Unsmoothed age standardized,Base measure,Primary chronic conditions,"Prevention Quality Overall Composite (PQI #90)",All,All,Dual & non-dual,9,CONNECTICUT,Black,All,"10,000+",4100
Medicare Fee For Service,2022,State/Territory,Prevention Quality Indicator (PQI),Unsmoothed age standardized,Base measure,Primary chronic conditions,"Prevention Quality Overall Composite (PQI #90)",All,All,Dual & non-dual,10,DELAWARE,Black,All,"10,000+",3948
Medicare Fee For Service,2022,State/Territory,Prevention Quality Indicator (PQI),Unsmoothed age standardized,Base measure,Primary chronic conditions,"Prevention Quality Overall Composite (PQI #90)",All,All,Dual & non-dual,11,DISTRICT OF COLUMBIA,Black,All,"10,000+",4340
Medicare Fee For Service,2022,State/Territory,Prevention Quality Indicator (PQI),Unsmoothed age standardized,Base measure,Primary chronic conditions,"Prevention Quality Overall Composite (PQI #90)",All,All,Dual & non-dual,12,FLORIDA,Black,All,"10,000+",5189
Medicare Fee For Service,2022,State/Territory,Prevention Quality Indicator (PQI),Unsmoothed age standardized,Base measure,Primary chronic conditions,"Prevention Quality Overall Composite (PQI #90)",All,All,Dual & non-dual,13,GEORGIA,Black,All,"10,000+",4036
Medicare Fee For Service,2022,State/Territory,Prevention Quality Indicator (PQI),Unsmoothed age standardized,Base measure,Primary chronic conditions,"Prevention Quality Overall Composite (PQI #90)",All,All,Dual & non-dual,15,HAWAII,Black,All,"1,000-4,999",1243
Medicare Fee For Service,2022,State/Territory,Prevention Quality Indicator (PQI),Unsmoothed age standardized,Base measure,Primary chronic conditions,"Prevention Quality Overall Composite (PQI #90)",All,All,Dual & non-dual,16,IDAHO,Black,All,"500-999",3055
Medicare Fee For Service,2022,State/Territory,Prevention Quality Indicator (PQI),Unsmoothed age standardized,Base measure,Primary chronic conditions,"Prevention Quality Overall Composite (PQI #90)",All,All,Dual & non-dual,17,ILLINOIS,Black,All,"10,000+",5753
Medicare Fee For Service,2022,State/Territory,Prevention Quality Indicator (PQI),Unsmoothed age standardized,Base measure,Primary chronic conditions,"Prevention Quality Overall Composite (PQI #90)",All,All,Dual & non-dual,18,INDIANA,Black,All,"10,000+",4983
Medicare Fee For Service,2022,State/Territory,Prevention Quality Indicator (PQI),Unsmoothed age standardized,Base measure,Primary chronic conditions,"Prevention Quality Overall Composite (PQI #90)",All,All,Dual & non-dual,19,IOWA,Black,All,"5,000-9,999",3348
Medicare Fee For Service,2022,State/Territory,Prevention Quality Indicator (PQI),Unsmoothed age standardized,Base measure,Primary chronic conditions,"Prevention Quality Overall Composite (PQI #90)",All,All,Dual & non-dual,20,KANSAS,Black,All,"10,000+",3715
Medicare Fee For Service,2022,State/Territory,Prevention Quality Indicator (PQI),Unsmoothed age standardized,Base measure,Primary chronic conditions,"Prevention Quality Overall Composite (PQI #90)",All,All,Dual & non-dual,21,KENTUCKY,Black,All,"10,000+",4140
Medicare Fee For Service,2022,State/Territory,Prevention Quality Indicator (PQI),Unsmoothed age standardized,Base measure,Primary chronic conditions,"Prevention Quality Overall Composite (PQI #90)",All,All,Dual & non-dual,22,LOUISIANA,Black,All,"10,000+",4638
Medicare Fee For Service,2022,State/Territory,Prevention Quality Indicator (PQI),Unsmoothed age standardized,Base measure,Primary chronic conditions,"Prevention Quality Overall Composite (PQI #90)",All,All,Dual & non-dual,23,MAINE,Black,All,"500-999",2690
Medicare Fee For Service,2022,State/Territory,Prevention Quality Indicator (PQI),Unsmoothed age standardized,Base measure,Primary chronic conditions,"Prevention Quality Overall Composite (PQI #90)",All,All,Dual & non-dual,24,MARYLAND,Black,All,"10,000+",3536
Medicare Fee For Service,2022,State/Territory,Prevention Quality Indicator (PQI),Unsmoothed age standardized,Base measure,Primary chronic conditions,"Prevention Quality Overall Composite (PQI #90)",All,All,Dual & non-dual,25,MASSACHUSETTS,Black,All,"10,000+",4539
Medicare Fee For Service,2022,State/Territory,Prevention Quality Indicator (PQI),Unsmoothed age standardized,Base measure,Primary chronic conditions,"Prevention Quality Overall Composite (PQI #90)",All,All,Dual & non-dual,26,MICHIGAN,Black,All,"10,000+",6110
Medicare Fee For Service,2022,State/Territory,Prevention Quality Indicator (PQI),Unsmoothed age standardized,Base measure,Primary chronic conditions,"Prevention Quality Overall Composite (PQI #90)",All,All,Dual & non-dual,27,MINNESOTA,Black,All,"10,000+",3801
Medicare Fee For Service,2022,State/Territory,Prevention Quality Indicator (PQI),Unsmoothed age standardized,Base measure,Primary chronic conditions,"Prevention Quality Overall Composite (PQI #90)",All,All,Dual & non-dual,28,MISSISSIPPI,Black,All,"10,000+",4435
Medicare Fee For Service,2022,State/Territory,Prevention Quality Indicator (PQI),Unsmoothed age standardized,Base measure,Primary chronic conditions,"Prevention Quality Overall Composite (PQI #90)",All,All,Dual & non-dual,29,MISSOURI,Black,All,"10,000+",4820
Medicare Fee For Service,2022,State/Territory,Prevention Quality Indicator (PQI),Unsmoothed age standardized,Base measure,Primary chronic conditions,"Prevention Quality Overall Composite (PQI #90)",All,All,Dual & non-dual,30,MONTANA,Black,All,"11-499",2595
Medicare Fee For Service,2022,State/Territory,Prevention Quality Indicator (PQI),Unsmoothed age standardized,Base measure,Primary chronic conditions,"Prevention Quality Overall Composite (PQI #90)",All,All,Dual & non-dual,31,NEBRASKA,Black,All,"5,000-9,999",3125
Medicare Fee For Service,2022,State/Territory,Prevention Quality Indicator (PQI),Unsmoothed age standardized,Base measure,Primary chronic conditions,"Prevention Quality Overall Composite (PQI #90)",All,All,Dual & non-dual,32,NEVADA,Black,All,"10,000+",5557
Medicare Fee For Service,2022,State/Territory,Prevention Quality Indicator (PQI),Unsmoothed age standardized,Base measure,Primary chronic conditions,"Prevention Quality Overall Composite (PQI #90)",All,All,Dual & non-dual,33,NEW HAMPSHIRE,Black,All,"1,000-4,999",2560
Medicare Fee For Service,2022,State/Territory,Prevention Quality Indicator (PQI),Unsmoothed age standardized,Base measure,Primary chronic conditions,"Prevention Quality Overall Composite (PQI #90)",All,All,Dual & non-dual,34,NEW JERSEY,Black,All,"10,000+",4612
Medicare Fee For Service,2022,State/Territory,Prevention Quality Indicator (PQI),Unsmoothed age standardized,Base measure,Primary chronic conditions,"Prevention Quality Overall Composite (PQI #90)",All,All,Dual & non-dual,35,NEW MEXICO,Black,All,"1,000-4,999",2277
Medicare Fee For Service,2022,State/Territory,Prevention Quality Indicator (PQI),Unsmoothed age standardized,Base measure,Primary chronic conditions,"Prevention Quality Overall Composite (PQI #90)",All,All,Dual & non-dual,36,NEW YORK,Black,All,"10,000+",3909
Medicare Fee For Service,2022,State/Territory,Prevention Quality Indicator (PQI),Unsmoothed age standardized,Base measure,Primary chronic conditions,"Prevention Quality Overall Composite (PQI #90)",All,All,Dual & non-dual,37,NORTH CAROLINA,Black,All,"10,000+",3745
Medicare Fee For Service,2022,State/Territory,Prevention Quality Indicator (PQI),Unsmoothed age standardized,Base measure,Primary chronic conditions,"Prevention Quality Overall Composite (PQI #90)",All,All,Dual & non-dual,38,NORTH DAKOTA,Black,All,"500-999",4874
Medicare Fee For Service,2022,State/Territory,Prevention Quality Indicator (PQI),Unsmoothed age standardized,Base measure,Primary chronic conditions,"Prevention Quality Overall Composite (PQI #90)",All,All,Dual & non-dual,39,OHIO,Black,All,"10,000+",4618
Medicare Fee For Service,2022,State/Territory,Prevention Quality Indicator (PQI),Unsmoothed age standardized,Base measure,Primary chronic conditions,"Prevention Quality Overall Composite (PQI #90)",All,All,Dual & non-dual,40,OKLAHOMA,Black,All,"10,000+",4401
Medicare Fee For Service,2022,State/Territory,Prevention Quality Indicator (PQI),Unsmoothed age standardized,Base measure,Primary chronic conditions,"Prevention Quality Overall Composite (PQI #90)",All,All,Dual & non-dual,41,OREGON,Black,All,"1,000-4,999",3675
Medicare Fee For Service,2022,State/Territory,Prevention Quality Indicator (PQI),Unsmoothed age standardized,Base measure,Primary chronic conditions,"Prevention Quality Overall Composite (PQI #90)",All,All,Dual & non-dual,42,PENNSYLVANIA,Black,All,"10,000+",4842
Medicare Fee For Service,2022,State/Territory,Prevention Quality Indicator (PQI),Unsmoothed age standardized,Base measure,Primary chronic conditions,"Prevention Quality Overall Composite (PQI #90)",All,All,Dual & non-dual,44,RHODE ISLAND,Black,All,"1,000-4,999",3682
Medicare Fee For Service,2022,State/Territory,Prevention Quality Indicator (PQI),Unsmoothed age standardized,Base measure,Primary chronic conditions,"Prevention Quality Overall Composite (PQI #90)",All,All,Dual & non-dual,45,SOUTH CAROLINA,Black,All,"10,000+",3463
Medicare Fee For Service,2022,State/Territory,Prevention Quality Indicator (PQI),Unsmoothed age standardized,Base measure,Primary chronic conditions,"Prevention Quality Overall Composite (PQI #90)",All,All,Dual & non-dual,46,SOUTH DAKOTA,Black,All,"500-999",1716
Medicare Fee For Service,2022,State/Territory,Prevention Quality Indicator (PQI),Unsmoothed age standardized,Base measure,Primary chronic conditions,"Prevention Quality Overall Composite (PQI #90)",All,All,Dual & non-dual,47,TENNESSEE,Black,All,"10,000+",3922
Medicare Fee For Service,2022,State/Territory,Prevention Quality Indicator (PQI),Unsmoothed age standardized,Base measure,Primary chronic conditions,"Prevention Quality Overall Composite (PQI #90)",All,All,Dual & non-dual,48,TEXAS,Black,All,"10,000+",4769
Medicare Fee For Service,2022,State/Territory,Prevention Quality Indicator (PQI),Unsmoothed age standardized,Base measure,Primary chronic conditions,"Prevention Quality Overall Composite (PQI #90)",All,All,Dual & non-dual,49,UTAH,Black,All,"1,000-4,999",2071
Medicare Fee For Service,2022,State/Territory,Prevention Quality Indicator (PQI),Unsmoothed age standardized,Base measure,Primary chronic conditions,"Prevention Quality Overall Composite (PQI #90)",All,All,Dual & non-dual,50,VERMONT,Black,All,"500-999",3145
Medicare Fee For Service,2022,State/Territory,Prevention Quality Indicator (PQI),Unsmoothed age standardized,Base measure,Primary chronic conditions,"Prevention Quality Overall Composite (PQI #90)",All,All,Dual & non-dual,51,VIRGINIA,Black,All,"10,000+",3604
Medicare Fee For Service,2022,State/Territory,Prevention Quality Indicator (PQI),Unsmoothed age standardized,Base measure,Primary chronic conditions,"Prevention Quality Overall Composite (PQI #90)",All,All,Dual & non-dual,53,WASHINGTON,Black,All,"10,000+",2850
Medicare Fee For Service,2022,State/Territory,Prevention Quality Indicator (PQI),Unsmoothed age standardized,Base measure,Primary chronic conditions,"Prevention Quality Overall Composite (PQI #90)",All,All,Dual & non-dual,54,WEST VIRGINIA,Black,All,"5,000-9,999",4832
Medicare Fee For Service,2022,State/Territory,Prevention Quality Indicator (PQI),Unsmoothed age standardized,Base measure,Primary chronic conditions,"Prevention Quality Overall Composite (PQI #90)",All,All,Dual & non-dual,55,WISCONSIN,Black,All,"10,000+",5217
Medicare Fee For Service,2022,State/Territory,Prevention Quality Indicator (PQI),Unsmoothed age standardized,Base measure,Primary chronic conditions,"Prevention Quality Overall Composite (PQI #90)",All,All,Dual & non-dual,56,WYOMING,Black,All,"500-999",2727
Medicare Fee For Service,2022,State/Territory,Prevention Quality Indicator (PQI),Unsmoothed age standardized,Base measure,Primary chronic conditions,"Prevention Quality Overall Composite (PQI #90)",All,All,Dual & non-dual,60,AMERICAN SAMOA,Black,All,"11-499",0
Medicare Fee For Service,2022,State/Territory,Prevention Quality Indicator (PQI),Unsmoothed age standardized,Base measure,Primary chronic conditions,"Prevention Quality Overall Composite (PQI #90)",All,All,Dual & non-dual,66,GUAM,Black,All,"11-499",0
Medicare Fee For Service,2022,State/Territory,Prevention Quality Indicator (PQI),Unsmoothed age standardized,Base measure,Primary chronic conditions,"Prevention Quality Overall Composite (PQI #90)",All,All,Dual & non-dual,69,NORTHERN MARIANAS,Black,All,"11-499",0
Medicare Fee For Service,2022,State/Territory,Prevention Quality Indicator (PQI),Unsmoothed age standardized,Base measure,Primary chronic conditions,"Prevention Quality Overall Composite (PQI #90)",All,All,Dual & non-dual,72,PUERTO RICO,Black,All,"11-499",0
Medicare Fee For Service,2022,State/Territory,Prevention Quality Indicator (PQI),Unsmoothed age standardized,Base measure,Primary chronic conditions,"Prevention Quality Overall Composite (PQI #90)",All,All,Dual & non-dual,78,VIRGIN ISLANDS,Black,All,"5,000-9,999",2280