population,year,geography,measure,adjustment,analysis,domain,condition,primary_sex,primary_age,primary_dual,fips,state,primary_race,primary_eligibility,primary_denominator,analysis_value
Medicare Fee For Service,2022,State/Territory,Prevention Quality Indicator (PQI),Unsmoothed age standardized,Base measure,Primary chronic conditions,"Prevention Quality Overall Composite (PQI #90)",All,All,Dual & non-dual,1,ALABAMA,Asian/Pacific Islander,All,"1,000-4,999",1889
Medicare Fee For Service,2022,State/Territory,Prevention Quality Indicator (PQI),Unsmoothed age standardized,Base measure,Primary chronic conditions,"Prevention Quality Overall Composite (PQI #90)",All,All,Dual & non-dual,2,ALASKA,Asian/Pacific Islander,All,"5,000-9,999",2537
Medicare Fee For Service,2022,State/Territory,Prevention Quality Indicator (PQI),Unsmoothed age standardized,Base measure,Primary chronic conditions,"Prevention Quality Overall Composite (PQI #90)",All,All,Dual & non-dual,4,ARIZONA,Asian/Pacific Islander,All,"10,000+",1587
Medicare Fee For Service,2022,State/Territory,Prevention Quality Indicator (PQI),Unsmoothed age standardized,Base measure,Primary chronic conditions,"Prevention Quality Overall Composite (PQI #90)",All,All,Dual & non-dual,5,ARKANSAS,Asian/Pacific Islander,All,"1,000-4,999",1896
Medicare Fee For Service,2022,State/Territory,Prevention Quality Indicator (PQI),Unsmoothed age standardized,Base measure,Primary chronic conditions,"Prevention Quality Overall Composite (PQI #90)",All,All,Dual & non-dual,6,CALIFORNIA,Asian/Pacific Islander,All,"10,000+",1585
Medicare Fee For Service,2022,State/Territory,Prevention Quality Indicator (PQI),Unsmoothed age standardized,Base measure,Primary chronic conditions,"Prevention Quality Overall Composite (PQI #90)",All,All,Dual & non-dual,8,COLORADO,Asian/Pacific Islander,All,"5,000-9,999",1211
Medicare Fee For Service,2022,State/Territory,Prevention Quality Indicator (PQI),Unsmoothed age standardized,Base measure,Primary chronic conditions,"Prevention Quality Overall Composite (PQI #90)",All,All,Dual & non-dual,9,CONNECTICUT,Asian/Pacific Islander,All,"5,000-9,999",1579
Medicare Fee For Service,2022,State/Territory,Prevention Quality Indicator (PQI),Unsmoothed age standardized,Base measure,Primary chronic conditions,"Prevention Quality Overall Composite (PQI #90)",All,All,Dual & non-dual,10,DELAWARE,Asian/Pacific Islander,All,"1,000-4,999",1393
Medicare Fee For Service,2022,State/Territory,Prevention Quality Indicator (PQI),Unsmoothed age standardized,Base measure,Primary chronic conditions,"Prevention Quality Overall Composite (PQI #90)",All,All,Dual & non-dual,11,DISTRICT OF COLUMBIA,Asian/Pacific Islander,All,"1,000-4,999",972
Medicare Fee For Service,2022,State/Territory,Prevention Quality Indicator (PQI),Unsmoothed age standardized,Base measure,Primary chronic conditions,"Prevention Quality Overall Composite (PQI #90)",All,All,Dual & non-dual,12,FLORIDA,Asian/Pacific Islander,All,"10,000+",1993
Medicare Fee For Service,2022,State/Territory,Prevention Quality Indicator (PQI),Unsmoothed age standardized,Base measure,Primary chronic conditions,"Prevention Quality Overall Composite (PQI #90)",All,All,Dual & non-dual,13,GEORGIA,Asian/Pacific Islander,All,"10,000+",1670
Medicare Fee For Service,2022,State/Territory,Prevention Quality Indicator (PQI),Unsmoothed age standardized,Base measure,Primary chronic conditions,"Prevention Quality Overall Composite (PQI #90)",All,All,Dual & non-dual,15,HAWAII,Asian/Pacific Islander,All,"10,000+",1547
Medicare Fee For Service,2022,State/Territory,Prevention Quality Indicator (PQI),Unsmoothed age standardized,Base measure,Primary chronic conditions,"Prevention Quality Overall Composite (PQI #90)",All,All,Dual & non-dual,16,IDAHO,Asian/Pacific Islander,All,"1,000-4,999",1134
Medicare Fee For Service,2022,State/Territory,Prevention Quality Indicator (PQI),Unsmoothed age standardized,Base measure,Primary chronic conditions,"Prevention Quality Overall Composite (PQI #90)",All,All,Dual & non-dual,17,ILLINOIS,Asian/Pacific Islander,All,"10,000+",1844
Medicare Fee For Service,2022,State/Territory,Prevention Quality Indicator (PQI),Unsmoothed age standardized,Base measure,Primary chronic conditions,"Prevention Quality Overall Composite (PQI #90)",All,All,Dual & non-dual,18,INDIANA,Asian/Pacific Islander,All,"5,000-9,999",1684
Medicare Fee For Service,2022,State/Territory,Prevention Quality Indicator (PQI),Unsmoothed age standardized,Base measure,Primary chronic conditions,"Prevention Quality Overall Composite (PQI #90)",All,All,Dual & non-dual,19,IOWA,Asian/Pacific Islander,All,"1,000-4,999",1782
Medicare Fee For Service,2022,State/Territory,Prevention Quality Indicator (PQI),Unsmoothed age standardized,Base measure,Primary chronic conditions,"Prevention Quality Overall Composite (PQI #90)",All,All,Dual & non-dual,20,KANSAS,Asian/Pacific Islander,All,"1,000-4,999",1253
Medicare Fee For Service,2022,State/Territory,Prevention Quality Indicator (PQI),Unsmoothed age standardized,Base measure,Primary chronic conditions,"Prevention Quality Overall Composite (PQI #90)",All,All,Dual & non-dual,21,KENTUCKY,Asian/Pacific Islander,All,"1,000-4,999",1451
Medicare Fee For Service,2022,State/Territory,Prevention Quality Indicator (PQI),Unsmoothed age standardized,Base measure,Primary chronic conditions,"Prevention Quality Overall Composite (PQI #90)",All,All,Dual & non-dual,22,LOUISIANA,Asian/Pacific Islander,All,"1,000-4,999",1842
Medicare Fee For Service,2022,State/Territory,Prevention Quality Indicator (PQI),Unsmoothed age standardized,Base measure,Primary chronic conditions,"Prevention Quality Overall Composite (PQI #90)",All,All,Dual & non-dual,23,MAINE,Asian/Pacific Islander,All,"1,000-4,999",801
Medicare Fee For Service,2022,State/Territory,Prevention Quality Indicator (PQI),Unsmoothed age standardized,Base measure,Primary chronic conditions,"Prevention Quality Overall Composite (PQI #90)",All,All,Dual & non-dual,24,MARYLAND,Asian/Pacific Islander,All,"10,000+",1214
Medicare Fee For Service,2022,State/Territory,Prevention Quality Indicator (PQI),Unsmoothed age standardized,Base measure,Primary chronic conditions,"Prevention Quality Overall Composite (PQI #90)",All,All,Dual & non-dual,25,MASSACHUSETTS,Asian/Pacific Islander,All,"10,000+",1844
Medicare Fee For Service,2022,State/Territory,Prevention Quality Indicator (PQI),Unsmoothed age standardized,Base measure,Primary chronic conditions,"Prevention Quality Overall Composite (PQI #90)",All,All,Dual & non-dual,26,MICHIGAN,Asian/Pacific Islander,All,"10,000+",2411
Medicare Fee For Service,2022,State/Territory,Prevention Quality Indicator (PQI),Unsmoothed age standardized,Base measure,Primary chronic conditions,"Prevention Quality Overall Composite (PQI #90)",All,All,Dual & non-dual,27,MINNESOTA,Asian/Pacific Islander,All,"5,000-9,999",1829
Medicare Fee For Service,2022,State/Territory,Prevention Quality Indicator (PQI),Unsmoothed age standardized,Base measure,Primary chronic conditions,"Prevention Quality Overall Composite (PQI #90)",All,All,Dual & non-dual,28,MISSISSIPPI,Asian/Pacific Islander,All,"1,000-4,999",3003
Medicare Fee For Service,2022,State/Territory,Prevention Quality Indicator (PQI),Unsmoothed age standardized,Base measure,Primary chronic conditions,"Prevention Quality Overall Composite (PQI #90)",All,All,Dual & non-dual,29,MISSOURI,Asian/Pacific Islander,All,"5,000-9,999",1850
Medicare Fee For Service,2022,State/Territory,Prevention Quality Indicator (PQI),Unsmoothed age standardized,Base measure,Primary chronic conditions,"Prevention Quality Overall Composite (PQI #90)",All,All,Dual & non-dual,30,MONTANA,Asian/Pacific Islander,All,"500-999",1625
Medicare Fee For Service,2022,State/Territory,Prevention Quality Indicator (PQI),Unsmoothed age standardized,Base measure,Primary chronic conditions,"Prevention Quality Overall Composite (PQI #90)",All,All,Dual & non-dual,31,NEBRASKA,Asian/Pacific Islander,All,"1,000-4,999",1597
Medicare Fee For Service,2022,State/Territory,Prevention Quality Indicator (PQI),Unsmoothed age standardized,Base measure,Primary chronic conditions,"Prevention Quality Overall Composite (PQI #90)",All,All,Dual & non-dual,32,NEVADA,Asian/Pacific Islander,All,"10,000+",1952
Medicare Fee For Service,2022,State/Territory,Prevention Quality Indicator (PQI),Unsmoothed age standardized,Base measure,Primary chronic conditions,"Prevention Quality Overall Composite (PQI #90)",All,All,Dual & non-dual,33,NEW HAMPSHIRE,Asian/Pacific Islander,All,"1,000-4,999",1791
Medicare Fee For Service,2022,State/Territory,Prevention Quality Indicator (PQI),Unsmoothed age standardized,Base measure,Primary chronic conditions,"Prevention Quality Overall Composite (PQI #90)",All,All,Dual & non-dual,34,NEW JERSEY,Asian/Pacific Islander,All,"10,000+",1612
Medicare Fee For Service,2022,State/Territory,Prevention Quality Indicator (PQI),Unsmoothed age standardized,Base measure,Primary chronic conditions,"Prevention Quality Overall Composite (PQI #90)",All,All,Dual & non-dual,35,NEW MEXICO,Asian/Pacific Islander,All,"1,000-4,999",1747
Medicare Fee For Service,2022,State/Territory,Prevention Quality Indicator (PQI),Unsmoothed age standardized,Base measure,Primary chronic conditions,"Prevention Quality Overall Composite (PQI #90)",All,All,Dual & non-dual,36,NEW YORK,Asian/Pacific Islander,All,"10,000+",1800
Medicare Fee For Service,2022,State/Territory,Prevention Quality Indicator (PQI),Unsmoothed age standardized,Base measure,Primary chronic conditions,"Prevention Quality Overall Composite (PQI #90)",All,All,Dual & non-dual,37,NORTH CAROLINA,Asian/Pacific Islander,All,"10,000+",1702
Medicare Fee For Service,2022,State/Territory,Prevention Quality Indicator (PQI),Unsmoothed age standardized,Base measure,Primary chronic conditions,"Prevention Quality Overall Composite (PQI #90)",All,All,Dual & non-dual,38,NORTH DAKOTA,Asian/Pacific Islander,All,"11-499",3460
Medicare Fee For Service,2022,State/Territory,Prevention Quality Indicator (PQI),Unsmoothed age standardized,Base measure,Primary chronic conditions,"Prevention Quality Overall Composite (PQI #90)",All,All,Dual & non-dual,39,OHIO,Asian/Pacific Islander,All,"10,000+",1632
Medicare Fee For Service,2022,State/Territory,Prevention Quality Indicator (PQI),Unsmoothed age standardized,Base measure,Primary chronic conditions,"Prevention Quality Overall Composite (PQI #90)",All,All,Dual & non-dual,40,OKLAHOMA,Asian/Pacific Islander,All,"5,000-9,999",1684
Medicare Fee For Service,2022,State/Territory,Prevention Quality Indicator (PQI),Unsmoothed age standardized,Base measure,Primary chronic conditions,"Prevention Quality Overall Composite (PQI #90)",All,All,Dual & non-dual,41,OREGON,Asian/Pacific Islander,All,"5,000-9,999",1206
Medicare Fee For Service,2022,State/Territory,Prevention Quality Indicator (PQI),Unsmoothed age standardized,Base measure,Primary chronic conditions,"Prevention Quality Overall Composite (PQI #90)",All,All,Dual & non-dual,42,PENNSYLVANIA,Asian/Pacific Islander,All,"10,000+",2201
Medicare Fee For Service,2022,State/Territory,Prevention Quality Indicator (PQI),Unsmoothed age standardized,Base measure,Primary chronic conditions,"Prevention Quality Overall Composite (PQI #90)",All,All,Dual & non-dual,44,RHODE ISLAND,Asian/Pacific Islander,All,"1,000-4,999",2666
Medicare Fee For Service,2022,State/Territory,Prevention Quality Indicator (PQI),Unsmoothed age standardized,Base measure,Primary chronic conditions,"Prevention Quality Overall Composite (PQI #90)",All,All,Dual & non-dual,45,SOUTH CAROLINA,Asian/Pacific Islander,All,"5,000-9,999",1296
Medicare Fee For Service,2022,State/Territory,Prevention Quality Indicator (PQI),Unsmoothed age standardized,Base measure,Primary chronic conditions,"Prevention Quality Overall Composite (PQI #90)",All,All,Dual & non-dual,46,SOUTH DAKOTA,Asian/Pacific Islander,All,"500-999",870
Medicare Fee For Service,2022,State/Territory,Prevention Quality Indicator (PQI),Unsmoothed age standardized,Base measure,Primary chronic conditions,"Prevention Quality Overall Composite (PQI #90)",All,All,Dual & non-dual,47,TENNESSEE,Asian/Pacific Islander,All,"5,000-9,999",1442
Medicare Fee For Service,2022,State/Territory,Prevention Quality Indicator (PQI),Unsmoothed age standardized,Base measure,Primary chronic conditions,"Prevention Quality Overall Composite (PQI #90)",All,All,Dual & non-dual,48,TEXAS,Asian/Pacific Islander,All,"10,000+",1697
Medicare Fee For Service,2022,State/Territory,Prevention Quality Indicator (PQI),Unsmoothed age standardized,Base measure,Primary chronic conditions,"Prevention Quality Overall Composite (PQI #90)",All,All,Dual & non-dual,49,UTAH,Asian/Pacific Islander,All,"1,000-4,999",1666
Medicare Fee For Service,2022,State/Territory,Prevention Quality Indicator (PQI),Unsmoothed age standardized,Base measure,Primary chronic conditions,"Prevention Quality Overall Composite (PQI #90)",All,All,Dual & non-dual,50,VERMONT,Asian/Pacific Islander,All,"500-999",1092
Medicare Fee For Service,2022,State/Territory,Prevention Quality Indicator (PQI),Unsmoothed age standardized,Base measure,Primary chronic conditions,"Prevention Quality Overall Composite (PQI #90)",All,All,Dual & non-dual,51,VIRGINIA,Asian/Pacific Islander,All,"10,000+",1424
Medicare Fee For Service,2022,State/Territory,Prevention Quality Indicator (PQI),Unsmoothed age standardized,Base measure,Primary chronic conditions,"Prevention Quality Overall Composite (PQI #90)",All,All,Dual & non-dual,53,WASHINGTON,Asian/Pacific Islander,All,"10,000+",1466
Medicare Fee For Service,2022,State/Territory,Prevention Quality Indicator (PQI),Unsmoothed age standardized,Base measure,Primary chronic conditions,"Prevention Quality Overall Composite (PQI #90)",All,All,Dual & non-dual,54,WEST VIRGINIA,Asian/Pacific Islander,All,"1,000-4,999",961
Medicare Fee For Service,2022,State/Territory,Prevention Quality Indicator (PQI),Unsmoothed age standardized,Base measure,Primary chronic conditions,"Prevention Quality Overall Composite (PQI #90)",All,All,Dual & non-dual,55,WISCONSIN,Asian/Pacific Islander,All,"5,000-9,999",2524
Medicare Fee For Service,2022,State/Territory,Prevention Quality Indicator (PQI),Unsmoothed age standardized,Base measure,Primary chronic conditions,"Prevention Quality Overall Composite (PQI #90)",All,All,Dual & non-dual,56,WYOMING,Asian/Pacific Islander,All,"11-499",0
Medicare Fee For Service,2022,State/Territory,Prevention Quality Indicator (PQI),Unsmoothed age standardized,Base measure,Primary chronic conditions,"Prevention Quality Overall Composite (PQI #90)",All,All,Dual & non-dual,60,AMERICAN SAMOA,Asian/Pacific Islander,All,"1,000-4,999",3509
Medicare Fee For Service,2022,State/Territory,Prevention Quality Indicator (PQI),Unsmoothed age standardized,Base measure,Primary chronic conditions,"Prevention Quality Overall Composite (PQI #90)",All,All,Dual & non-dual,66,GUAM,Asian/Pacific Islander,All,"10,000+",3393
Medicare Fee For Service,2022,State/Territory,Prevention Quality Indicator (PQI),Unsmoothed age standardized,Base measure,Primary chronic conditions,"Prevention Quality Overall Composite (PQI #90)",All,All,Dual & non-dual,69,NORTHERN MARIANAS,Asian/Pacific Islander,All,"1,000-4,999",3880
Medicare Fee For Service,2022,State/Territory,Prevention Quality Indicator (PQI),Unsmoothed age standardized,Base measure,Primary chronic conditions,"Prevention Quality Overall Composite (PQI #90)",All,All,Dual & non-dual,72,PUERTO RICO,Asian/Pacific Islander,All,"11-499",0
Medicare Fee For Service,2022,State/Territory,Prevention Quality Indicator (PQI),Unsmoothed age standardized,Base measure,Primary chronic conditions,"Prevention Quality Overall Composite (PQI #90)",All,All,Dual & non-dual,78,VIRGIN ISLANDS,Asian/Pacific Islander,All,"11-499",0