population,year,geography,measure,adjustment,analysis,domain,condition,primary_sex,primary_age,primary_dual,fips,state,primary_race,primary_eligibility,primary_denominator,analysis_value
Medicare Fee For Service,2022,State/Territory,Preventive Services,Unsmoothed actual,Base measure,Primary chronic conditions,"Screening Mammography",Female,65-74,Dual & non-dual,1,ALABAMA,Asian/Pacific Islander,All,"1,000-4,999",37
Medicare Fee For Service,2022,State/Territory,Preventive Services,Unsmoothed actual,Base measure,Primary chronic conditions,"Screening Mammography",Female,65-74,Dual & non-dual,2,ALASKA,Asian/Pacific Islander,All,"1,000-4,999",28
Medicare Fee For Service,2022,State/Territory,Preventive Services,Unsmoothed actual,Base measure,Primary chronic conditions,"Screening Mammography",Female,65-74,Dual & non-dual,4,ARIZONA,Asian/Pacific Islander,All,"1,000-4,999",38
Medicare Fee For Service,2022,State/Territory,Preventive Services,Unsmoothed actual,Base measure,Primary chronic conditions,"Screening Mammography",Female,65-74,Dual & non-dual,5,ARKANSAS,Asian/Pacific Islander,All,"500-999",32
Medicare Fee For Service,2022,State/Territory,Preventive Services,Unsmoothed actual,Base measure,Primary chronic conditions,"Screening Mammography",Female,65-74,Dual & non-dual,6,CALIFORNIA,Asian/Pacific Islander,All,"10,000+",32
Medicare Fee For Service,2022,State/Territory,Preventive Services,Unsmoothed actual,Base measure,Primary chronic conditions,"Screening Mammography",Female,65-74,Dual & non-dual,8,COLORADO,Asian/Pacific Islander,All,"1,000-4,999",34
Medicare Fee For Service,2022,State/Territory,Preventive Services,Unsmoothed actual,Base measure,Primary chronic conditions,"Screening Mammography",Female,65-74,Dual & non-dual,9,CONNECTICUT,Asian/Pacific Islander,All,"1,000-4,999",37
Medicare Fee For Service,2022,State/Territory,Preventive Services,Unsmoothed actual,Base measure,Primary chronic conditions,"Screening Mammography",Female,65-74,Dual & non-dual,10,DELAWARE,Asian/Pacific Islander,All,"500-999",47
Medicare Fee For Service,2022,State/Territory,Preventive Services,Unsmoothed actual,Base measure,Primary chronic conditions,"Screening Mammography",Female,65-74,Dual & non-dual,11,DISTRICT OF COLUMBIA,Asian/Pacific Islander,All,"11-499",32
Medicare Fee For Service,2022,State/Territory,Preventive Services,Unsmoothed actual,Base measure,Primary chronic conditions,"Screening Mammography",Female,65-74,Dual & non-dual,12,FLORIDA,Asian/Pacific Islander,All,"10,000+",38
Medicare Fee For Service,2022,State/Territory,Preventive Services,Unsmoothed actual,Base measure,Primary chronic conditions,"Screening Mammography",Female,65-74,Dual & non-dual,13,GEORGIA,Asian/Pacific Islander,All,"5,000-9,999",32
Medicare Fee For Service,2022,State/Territory,Preventive Services,Unsmoothed actual,Base measure,Primary chronic conditions,"Screening Mammography",Female,65-74,Dual & non-dual,15,HAWAII,Asian/Pacific Islander,All,"10,000+",45
Medicare Fee For Service,2022,State/Territory,Preventive Services,Unsmoothed actual,Base measure,Primary chronic conditions,"Screening Mammography",Female,65-74,Dual & non-dual,16,IDAHO,Asian/Pacific Islander,All,"11-499",36
Medicare Fee For Service,2022,State/Territory,Preventive Services,Unsmoothed actual,Base measure,Primary chronic conditions,"Screening Mammography",Female,65-74,Dual & non-dual,17,ILLINOIS,Asian/Pacific Islander,All,"10,000+",38
Medicare Fee For Service,2022,State/Territory,Preventive Services,Unsmoothed actual,Base measure,Primary chronic conditions,"Screening Mammography",Female,65-74,Dual & non-dual,18,INDIANA,Asian/Pacific Islander,All,"1,000-4,999",39
Medicare Fee For Service,2022,State/Territory,Preventive Services,Unsmoothed actual,Base measure,Primary chronic conditions,"Screening Mammography",Female,65-74,Dual & non-dual,19,IOWA,Asian/Pacific Islander,All,"500-999",37
Medicare Fee For Service,2022,State/Territory,Preventive Services,Unsmoothed actual,Base measure,Primary chronic conditions,"Screening Mammography",Female,65-74,Dual & non-dual,20,KANSAS,Asian/Pacific Islander,All,"1,000-4,999",37
Medicare Fee For Service,2022,State/Territory,Preventive Services,Unsmoothed actual,Base measure,Primary chronic conditions,"Screening Mammography",Female,65-74,Dual & non-dual,21,KENTUCKY,Asian/Pacific Islander,All,"1,000-4,999",36
Medicare Fee For Service,2022,State/Territory,Preventive Services,Unsmoothed actual,Base measure,Primary chronic conditions,"Screening Mammography",Female,65-74,Dual & non-dual,22,LOUISIANA,Asian/Pacific Islander,All,"1,000-4,999",36
Medicare Fee For Service,2022,State/Territory,Preventive Services,Unsmoothed actual,Base measure,Primary chronic conditions,"Screening Mammography",Female,65-74,Dual & non-dual,23,MAINE,Asian/Pacific Islander,All,"11-499",32
Medicare Fee For Service,2022,State/Territory,Preventive Services,Unsmoothed actual,Base measure,Primary chronic conditions,"Screening Mammography",Female,65-74,Dual & non-dual,24,MARYLAND,Asian/Pacific Islander,All,"5,000-9,999",36
Medicare Fee For Service,2022,State/Territory,Preventive Services,Unsmoothed actual,Base measure,Primary chronic conditions,"Screening Mammography",Female,65-74,Dual & non-dual,25,MASSACHUSETTS,Asian/Pacific Islander,All,"5,000-9,999",40
Medicare Fee For Service,2022,State/Territory,Preventive Services,Unsmoothed actual,Base measure,Primary chronic conditions,"Screening Mammography",Female,65-74,Dual & non-dual,26,MICHIGAN,Asian/Pacific Islander,All,"1,000-4,999",38
Medicare Fee For Service,2022,State/Territory,Preventive Services,Unsmoothed actual,Base measure,Primary chronic conditions,"Screening Mammography",Female,65-74,Dual & non-dual,27,MINNESOTA,Asian/Pacific Islander,All,"1,000-4,999",33
Medicare Fee For Service,2022,State/Territory,Preventive Services,Unsmoothed actual,Base measure,Primary chronic conditions,"Screening Mammography",Female,65-74,Dual & non-dual,28,MISSISSIPPI,Asian/Pacific Islander,All,"500-999",30
Medicare Fee For Service,2022,State/Territory,Preventive Services,Unsmoothed actual,Base measure,Primary chronic conditions,"Screening Mammography",Female,65-74,Dual & non-dual,29,MISSOURI,Asian/Pacific Islander,All,"1,000-4,999",35
Medicare Fee For Service,2022,State/Territory,Preventive Services,Unsmoothed actual,Base measure,Primary chronic conditions,"Screening Mammography",Female,65-74,Dual & non-dual,30,MONTANA,Asian/Pacific Islander,All,"11-499",36
Medicare Fee For Service,2022,State/Territory,Preventive Services,Unsmoothed actual,Base measure,Primary chronic conditions,"Screening Mammography",Female,65-74,Dual & non-dual,31,NEBRASKA,Asian/Pacific Islander,All,"500-999",38
Medicare Fee For Service,2022,State/Territory,Preventive Services,Unsmoothed actual,Base measure,Primary chronic conditions,"Screening Mammography",Female,65-74,Dual & non-dual,32,NEVADA,Asian/Pacific Islander,All,"5,000-9,999",28
Medicare Fee For Service,2022,State/Territory,Preventive Services,Unsmoothed actual,Base measure,Primary chronic conditions,"Screening Mammography",Female,65-74,Dual & non-dual,33,NEW HAMPSHIRE,Asian/Pacific Islander,All,"11-499",41
Medicare Fee For Service,2022,State/Territory,Preventive Services,Unsmoothed actual,Base measure,Primary chronic conditions,"Screening Mammography",Female,65-74,Dual & non-dual,34,NEW JERSEY,Asian/Pacific Islander,All,"10,000+",36
Medicare Fee For Service,2022,State/Territory,Preventive Services,Unsmoothed actual,Base measure,Primary chronic conditions,"Screening Mammography",Female,65-74,Dual & non-dual,35,NEW MEXICO,Asian/Pacific Islander,All,"500-999",37
Medicare Fee For Service,2022,State/Territory,Preventive Services,Unsmoothed actual,Base measure,Primary chronic conditions,"Screening Mammography",Female,65-74,Dual & non-dual,36,NEW YORK,Asian/Pacific Islander,All,"10,000+",33
Medicare Fee For Service,2022,State/Territory,Preventive Services,Unsmoothed actual,Base measure,Primary chronic conditions,"Screening Mammography",Female,65-74,Dual & non-dual,37,NORTH CAROLINA,Asian/Pacific Islander,All,"1,000-4,999",36
Medicare Fee For Service,2022,State/Territory,Preventive Services,Unsmoothed actual,Base measure,Primary chronic conditions,"Screening Mammography",Female,65-74,Dual & non-dual,38,NORTH DAKOTA,Asian/Pacific Islander,All,"11-499",35
Medicare Fee For Service,2022,State/Territory,Preventive Services,Unsmoothed actual,Base measure,Primary chronic conditions,"Screening Mammography",Female,65-74,Dual & non-dual,39,OHIO,Asian/Pacific Islander,All,"1,000-4,999",39
Medicare Fee For Service,2022,State/Territory,Preventive Services,Unsmoothed actual,Base measure,Primary chronic conditions,"Screening Mammography",Female,65-74,Dual & non-dual,40,OKLAHOMA,Asian/Pacific Islander,All,"1,000-4,999",34
Medicare Fee For Service,2022,State/Territory,Preventive Services,Unsmoothed actual,Base measure,Primary chronic conditions,"Screening Mammography",Female,65-74,Dual & non-dual,41,OREGON,Asian/Pacific Islander,All,"1,000-4,999",34
Medicare Fee For Service,2022,State/Territory,Preventive Services,Unsmoothed actual,Base measure,Primary chronic conditions,"Screening Mammography",Female,65-74,Dual & non-dual,42,PENNSYLVANIA,Asian/Pacific Islander,All,"5,000-9,999",36
Medicare Fee For Service,2022,State/Territory,Preventive Services,Unsmoothed actual,Base measure,Primary chronic conditions,"Screening Mammography",Female,65-74,Dual & non-dual,44,RHODE ISLAND,Asian/Pacific Islander,All,"11-499",36
Medicare Fee For Service,2022,State/Territory,Preventive Services,Unsmoothed actual,Base measure,Primary chronic conditions,"Screening Mammography",Female,65-74,Dual & non-dual,45,SOUTH CAROLINA,Asian/Pacific Islander,All,"1,000-4,999",40
Medicare Fee For Service,2022,State/Territory,Preventive Services,Unsmoothed actual,Base measure,Primary chronic conditions,"Screening Mammography",Female,65-74,Dual & non-dual,46,SOUTH DAKOTA,Asian/Pacific Islander,All,"11-499",34
Medicare Fee For Service,2022,State/Territory,Preventive Services,Unsmoothed actual,Base measure,Primary chronic conditions,"Screening Mammography",Female,65-74,Dual & non-dual,47,TENNESSEE,Asian/Pacific Islander,All,"1,000-4,999",32
Medicare Fee For Service,2022,State/Territory,Preventive Services,Unsmoothed actual,Base measure,Primary chronic conditions,"Screening Mammography",Female,65-74,Dual & non-dual,48,TEXAS,Asian/Pacific Islander,All,"10,000+",37
Medicare Fee For Service,2022,State/Territory,Preventive Services,Unsmoothed actual,Base measure,Primary chronic conditions,"Screening Mammography",Female,65-74,Dual & non-dual,49,UTAH,Asian/Pacific Islander,All,"1,000-4,999",33
Medicare Fee For Service,2022,State/Territory,Preventive Services,Unsmoothed actual,Base measure,Primary chronic conditions,"Screening Mammography",Female,65-74,Dual & non-dual,50,VERMONT,Asian/Pacific Islander,All,"11-499",33
Medicare Fee For Service,2022,State/Territory,Preventive Services,Unsmoothed actual,Base measure,Primary chronic conditions,"Screening Mammography",Female,65-74,Dual & non-dual,51,VIRGINIA,Asian/Pacific Islander,All,"10,000+",35
Medicare Fee For Service,2022,State/Territory,Preventive Services,Unsmoothed actual,Base measure,Primary chronic conditions,"Screening Mammography",Female,65-74,Dual & non-dual,53,WASHINGTON,Asian/Pacific Islander,All,"10,000+",29
Medicare Fee For Service,2022,State/Territory,Preventive Services,Unsmoothed actual,Base measure,Primary chronic conditions,"Screening Mammography",Female,65-74,Dual & non-dual,54,WEST VIRGINIA,Asian/Pacific Islander,All,"11-499",40
Medicare Fee For Service,2022,State/Territory,Preventive Services,Unsmoothed actual,Base measure,Primary chronic conditions,"Screening Mammography",Female,65-74,Dual & non-dual,55,WISCONSIN,Asian/Pacific Islander,All,"1,000-4,999",29
Medicare Fee For Service,2022,State/Territory,Preventive Services,Unsmoothed actual,Base measure,Primary chronic conditions,"Screening Mammography",Female,65-74,Dual & non-dual,56,WYOMING,Asian/Pacific Islander,All,"11-499",38
Medicare Fee For Service,2022,State/Territory,Preventive Services,Unsmoothed actual,Base measure,Primary chronic conditions,"Screening Mammography",Female,65-74,Dual & non-dual,60,AMERICAN SAMOA,Asian/Pacific Islander,All,"500-999",5
Medicare Fee For Service,2022,State/Territory,Preventive Services,Unsmoothed actual,Base measure,Primary chronic conditions,"Screening Mammography",Female,65-74,Dual & non-dual,66,GUAM,Asian/Pacific Islander,All,"1,000-4,999",32
Medicare Fee For Service,2022,State/Territory,Preventive Services,Unsmoothed actual,Base measure,Primary chronic conditions,"Screening Mammography",Female,65-74,Dual & non-dual,69,NORTHERN MARIANAS,Asian/Pacific Islander,All,"500-999",3
Medicare Fee For Service,2022,State/Territory,Preventive Services,Unsmoothed actual,Base measure,Primary chronic conditions,"Screening Mammography",Female,65-74,Dual & non-dual,72,PUERTO RICO,Asian/Pacific Islander,All,"11-499",16
Medicare Fee For Service,2022,State/Territory,Preventive Services,Unsmoothed actual,Base measure,Primary chronic conditions,"Screening Mammography",Female,65-74,Dual & non-dual,78,VIRGIN ISLANDS,Asian/Pacific Islander,All,"11-499",30