population,year,geography,measure,adjustment,analysis,domain,condition,primary_sex,primary_age,primary_dual,fips,state,primary_race,primary_eligibility,primary_denominator,analysis_value
Medicare Fee For Service,2022,State/Territory,Preventive Services,Unsmoothed actual,Base measure,Primary chronic conditions,"Screening Mammography",Female,65-74,Dual & non-dual,1,ALABAMA,Hispanic,All,"500-999",25
Medicare Fee For Service,2022,State/Territory,Preventive Services,Unsmoothed actual,Base measure,Primary chronic conditions,"Screening Mammography",Female,65-74,Dual & non-dual,2,ALASKA,Hispanic,All,"11-499",30
Medicare Fee For Service,2022,State/Territory,Preventive Services,Unsmoothed actual,Base measure,Primary chronic conditions,"Screening Mammography",Female,65-74,Dual & non-dual,4,ARIZONA,Hispanic,All,"10,000+",32
Medicare Fee For Service,2022,State/Territory,Preventive Services,Unsmoothed actual,Base measure,Primary chronic conditions,"Screening Mammography",Female,65-74,Dual & non-dual,5,ARKANSAS,Hispanic,All,"1,000-4,999",24
Medicare Fee For Service,2022,State/Territory,Preventive Services,Unsmoothed actual,Base measure,Primary chronic conditions,"Screening Mammography",Female,65-74,Dual & non-dual,6,CALIFORNIA,Hispanic,All,"10,000+",27
Medicare Fee For Service,2022,State/Territory,Preventive Services,Unsmoothed actual,Base measure,Primary chronic conditions,"Screening Mammography",Female,65-74,Dual & non-dual,8,COLORADO,Hispanic,All,"5,000-9,999",28
Medicare Fee For Service,2022,State/Territory,Preventive Services,Unsmoothed actual,Base measure,Primary chronic conditions,"Screening Mammography",Female,65-74,Dual & non-dual,9,CONNECTICUT,Hispanic,All,"1,000-4,999",37
Medicare Fee For Service,2022,State/Territory,Preventive Services,Unsmoothed actual,Base measure,Primary chronic conditions,"Screening Mammography",Female,65-74,Dual & non-dual,10,DELAWARE,Hispanic,All,"500-999",43
Medicare Fee For Service,2022,State/Territory,Preventive Services,Unsmoothed actual,Base measure,Primary chronic conditions,"Screening Mammography",Female,65-74,Dual & non-dual,11,DISTRICT OF COLUMBIA,Hispanic,All,"500-999",30
Medicare Fee For Service,2022,State/Territory,Preventive Services,Unsmoothed actual,Base measure,Primary chronic conditions,"Screening Mammography",Female,65-74,Dual & non-dual,12,FLORIDA,Hispanic,All,"10,000+",31
Medicare Fee For Service,2022,State/Territory,Preventive Services,Unsmoothed actual,Base measure,Primary chronic conditions,"Screening Mammography",Female,65-74,Dual & non-dual,13,GEORGIA,Hispanic,All,"1,000-4,999",26
Medicare Fee For Service,2022,State/Territory,Preventive Services,Unsmoothed actual,Base measure,Primary chronic conditions,"Screening Mammography",Female,65-74,Dual & non-dual,15,HAWAII,Hispanic,All,"500-999",28
Medicare Fee For Service,2022,State/Territory,Preventive Services,Unsmoothed actual,Base measure,Primary chronic conditions,"Screening Mammography",Female,65-74,Dual & non-dual,16,IDAHO,Hispanic,All,"1,000-4,999",29
Medicare Fee For Service,2022,State/Territory,Preventive Services,Unsmoothed actual,Base measure,Primary chronic conditions,"Screening Mammography",Female,65-74,Dual & non-dual,17,ILLINOIS,Hispanic,All,"10,000+",33
Medicare Fee For Service,2022,State/Territory,Preventive Services,Unsmoothed actual,Base measure,Primary chronic conditions,"Screening Mammography",Female,65-74,Dual & non-dual,18,INDIANA,Hispanic,All,"1,000-4,999",33
Medicare Fee For Service,2022,State/Territory,Preventive Services,Unsmoothed actual,Base measure,Primary chronic conditions,"Screening Mammography",Female,65-74,Dual & non-dual,19,IOWA,Hispanic,All,"500-999",30
Medicare Fee For Service,2022,State/Territory,Preventive Services,Unsmoothed actual,Base measure,Primary chronic conditions,"Screening Mammography",Female,65-74,Dual & non-dual,20,KANSAS,Hispanic,All,"1,000-4,999",32
Medicare Fee For Service,2022,State/Territory,Preventive Services,Unsmoothed actual,Base measure,Primary chronic conditions,"Screening Mammography",Female,65-74,Dual & non-dual,21,KENTUCKY,Hispanic,All,"500-999",31
Medicare Fee For Service,2022,State/Territory,Preventive Services,Unsmoothed actual,Base measure,Primary chronic conditions,"Screening Mammography",Female,65-74,Dual & non-dual,22,LOUISIANA,Hispanic,All,"500-999",36
Medicare Fee For Service,2022,State/Territory,Preventive Services,Unsmoothed actual,Base measure,Primary chronic conditions,"Screening Mammography",Female,65-74,Dual & non-dual,23,MAINE,Hispanic,All,"11-499",25
Medicare Fee For Service,2022,State/Territory,Preventive Services,Unsmoothed actual,Base measure,Primary chronic conditions,"Screening Mammography",Female,65-74,Dual & non-dual,24,MARYLAND,Hispanic,All,"5,000-9,999",37
Medicare Fee For Service,2022,State/Territory,Preventive Services,Unsmoothed actual,Base measure,Primary chronic conditions,"Screening Mammography",Female,65-74,Dual & non-dual,25,MASSACHUSETTS,Hispanic,All,"5,000-9,999",42
Medicare Fee For Service,2022,State/Territory,Preventive Services,Unsmoothed actual,Base measure,Primary chronic conditions,"Screening Mammography",Female,65-74,Dual & non-dual,26,MICHIGAN,Hispanic,All,"1,000-4,999",31
Medicare Fee For Service,2022,State/Territory,Preventive Services,Unsmoothed actual,Base measure,Primary chronic conditions,"Screening Mammography",Female,65-74,Dual & non-dual,27,MINNESOTA,Hispanic,All,"500-999",32
Medicare Fee For Service,2022,State/Territory,Preventive Services,Unsmoothed actual,Base measure,Primary chronic conditions,"Screening Mammography",Female,65-74,Dual & non-dual,28,MISSISSIPPI,Hispanic,All,"11-499",21
Medicare Fee For Service,2022,State/Territory,Preventive Services,Unsmoothed actual,Base measure,Primary chronic conditions,"Screening Mammography",Female,65-74,Dual & non-dual,29,MISSOURI,Hispanic,All,"500-999",31
Medicare Fee For Service,2022,State/Territory,Preventive Services,Unsmoothed actual,Base measure,Primary chronic conditions,"Screening Mammography",Female,65-74,Dual & non-dual,30,MONTANA,Hispanic,All,"11-499",34
Medicare Fee For Service,2022,State/Territory,Preventive Services,Unsmoothed actual,Base measure,Primary chronic conditions,"Screening Mammography",Female,65-74,Dual & non-dual,31,NEBRASKA,Hispanic,All,"1,000-4,999",32
Medicare Fee For Service,2022,State/Territory,Preventive Services,Unsmoothed actual,Base measure,Primary chronic conditions,"Screening Mammography",Female,65-74,Dual & non-dual,32,NEVADA,Hispanic,All,"5,000-9,999",21
Medicare Fee For Service,2022,State/Territory,Preventive Services,Unsmoothed actual,Base measure,Primary chronic conditions,"Screening Mammography",Female,65-74,Dual & non-dual,33,NEW HAMPSHIRE,Hispanic,All,"11-499",41
Medicare Fee For Service,2022,State/Territory,Preventive Services,Unsmoothed actual,Base measure,Primary chronic conditions,"Screening Mammography",Female,65-74,Dual & non-dual,34,NEW JERSEY,Hispanic,All,"10,000+",34
Medicare Fee For Service,2022,State/Territory,Preventive Services,Unsmoothed actual,Base measure,Primary chronic conditions,"Screening Mammography",Female,65-74,Dual & non-dual,35,NEW MEXICO,Hispanic,All,"10,000+",33
Medicare Fee For Service,2022,State/Territory,Preventive Services,Unsmoothed actual,Base measure,Primary chronic conditions,"Screening Mammography",Female,65-74,Dual & non-dual,36,NEW YORK,Hispanic,All,"10,000+",34
Medicare Fee For Service,2022,State/Territory,Preventive Services,Unsmoothed actual,Base measure,Primary chronic conditions,"Screening Mammography",Female,65-74,Dual & non-dual,37,NORTH CAROLINA,Hispanic,All,"1,000-4,999",31
Medicare Fee For Service,2022,State/Territory,Preventive Services,Unsmoothed actual,Base measure,Primary chronic conditions,"Screening Mammography",Female,65-74,Dual & non-dual,38,NORTH DAKOTA,Hispanic,All,"11-499",32
Medicare Fee For Service,2022,State/Territory,Preventive Services,Unsmoothed actual,Base measure,Primary chronic conditions,"Screening Mammography",Female,65-74,Dual & non-dual,39,OHIO,Hispanic,All,"1,000-4,999",36
Medicare Fee For Service,2022,State/Territory,Preventive Services,Unsmoothed actual,Base measure,Primary chronic conditions,"Screening Mammography",Female,65-74,Dual & non-dual,40,OKLAHOMA,Hispanic,All,"1,000-4,999",27
Medicare Fee For Service,2022,State/Territory,Preventive Services,Unsmoothed actual,Base measure,Primary chronic conditions,"Screening Mammography",Female,65-74,Dual & non-dual,41,OREGON,Hispanic,All,"1,000-4,999",27
Medicare Fee For Service,2022,State/Territory,Preventive Services,Unsmoothed actual,Base measure,Primary chronic conditions,"Screening Mammography",Female,65-74,Dual & non-dual,42,PENNSYLVANIA,Hispanic,All,"5,000-9,999",37
Medicare Fee For Service,2022,State/Territory,Preventive Services,Unsmoothed actual,Base measure,Primary chronic conditions,"Screening Mammography",Female,65-74,Dual & non-dual,44,RHODE ISLAND,Hispanic,All,"500-999",34
Medicare Fee For Service,2022,State/Territory,Preventive Services,Unsmoothed actual,Base measure,Primary chronic conditions,"Screening Mammography",Female,65-74,Dual & non-dual,45,SOUTH CAROLINA,Hispanic,All,"1,000-4,999",34
Medicare Fee For Service,2022,State/Territory,Preventive Services,Unsmoothed actual,Base measure,Primary chronic conditions,"Screening Mammography",Female,65-74,Dual & non-dual,46,SOUTH DAKOTA,Hispanic,All,"11-499",30
Medicare Fee For Service,2022,State/Territory,Preventive Services,Unsmoothed actual,Base measure,Primary chronic conditions,"Screening Mammography",Female,65-74,Dual & non-dual,47,TENNESSEE,Hispanic,All,"1,000-4,999",24
Medicare Fee For Service,2022,State/Territory,Preventive Services,Unsmoothed actual,Base measure,Primary chronic conditions,"Screening Mammography",Female,65-74,Dual & non-dual,48,TEXAS,Hispanic,All,"10,000+",30
Medicare Fee For Service,2022,State/Territory,Preventive Services,Unsmoothed actual,Base measure,Primary chronic conditions,"Screening Mammography",Female,65-74,Dual & non-dual,49,UTAH,Hispanic,All,"1,000-4,999",28
Medicare Fee For Service,2022,State/Territory,Preventive Services,Unsmoothed actual,Base measure,Primary chronic conditions,"Screening Mammography",Female,65-74,Dual & non-dual,50,VERMONT,Hispanic,All,"11-499",22
Medicare Fee For Service,2022,State/Territory,Preventive Services,Unsmoothed actual,Base measure,Primary chronic conditions,"Screening Mammography",Female,65-74,Dual & non-dual,51,VIRGINIA,Hispanic,All,"1,000-4,999",32
Medicare Fee For Service,2022,State/Territory,Preventive Services,Unsmoothed actual,Base measure,Primary chronic conditions,"Screening Mammography",Female,65-74,Dual & non-dual,53,WASHINGTON,Hispanic,All,"1,000-4,999",26
Medicare Fee For Service,2022,State/Territory,Preventive Services,Unsmoothed actual,Base measure,Primary chronic conditions,"Screening Mammography",Female,65-74,Dual & non-dual,54,WEST VIRGINIA,Hispanic,All,"11-499",30
Medicare Fee For Service,2022,State/Territory,Preventive Services,Unsmoothed actual,Base measure,Primary chronic conditions,"Screening Mammography",Female,65-74,Dual & non-dual,55,WISCONSIN,Hispanic,All,"1,000-4,999",31
Medicare Fee For Service,2022,State/Territory,Preventive Services,Unsmoothed actual,Base measure,Primary chronic conditions,"Screening Mammography",Female,65-74,Dual & non-dual,56,WYOMING,Hispanic,All,"500-999",30
Medicare Fee For Service,2022,State/Territory,Preventive Services,Unsmoothed actual,Base measure,Primary chronic conditions,"Screening Mammography",Female,65-74,Dual & non-dual,66,GUAM,Hispanic,All,"11-499",36
Medicare Fee For Service,2022,State/Territory,Preventive Services,Unsmoothed actual,Base measure,Primary chronic conditions,"Screening Mammography",Female,65-74,Dual & non-dual,69,NORTHERN MARIANAS,Hispanic,All,"11-499",10
Medicare Fee For Service,2022,State/Territory,Preventive Services,Unsmoothed actual,Base measure,Primary chronic conditions,"Screening Mammography",Female,65-74,Dual & non-dual,72,PUERTO RICO,Hispanic,All,"5,000-9,999",19
Medicare Fee For Service,2022,State/Territory,Preventive Services,Unsmoothed actual,Base measure,Primary chronic conditions,"Screening Mammography",Female,65-74,Dual & non-dual,78,VIRGIN ISLANDS,Hispanic,All,"11-499",21