population,year,geography,measure,adjustment,analysis,domain,condition,primary_sex,primary_age,primary_dual,fips,state,primary_race,primary_eligibility,primary_denominator,analysis_value
Medicare Fee For Service,2022,State/Territory,Preventive Services,Unsmoothed actual,Base measure,Primary chronic conditions,"Screening Mammography",Female,65-74,Dual & non-dual,1,ALABAMA,All,All,"10,000+",43
Medicare Fee For Service,2022,State/Territory,Preventive Services,Unsmoothed actual,Base measure,Primary chronic conditions,"Screening Mammography",Female,65-74,Dual & non-dual,2,ALASKA,All,All,"10,000+",37
Medicare Fee For Service,2022,State/Territory,Preventive Services,Unsmoothed actual,Base measure,Primary chronic conditions,"Screening Mammography",Female,65-74,Dual & non-dual,4,ARIZONA,All,All,"10,000+",43
Medicare Fee For Service,2022,State/Territory,Preventive Services,Unsmoothed actual,Base measure,Primary chronic conditions,"Screening Mammography",Female,65-74,Dual & non-dual,5,ARKANSAS,All,All,"10,000+",41
Medicare Fee For Service,2022,State/Territory,Preventive Services,Unsmoothed actual,Base measure,Primary chronic conditions,"Screening Mammography",Female,65-74,Dual & non-dual,6,CALIFORNIA,All,All,"10,000+",36
Medicare Fee For Service,2022,State/Territory,Preventive Services,Unsmoothed actual,Base measure,Primary chronic conditions,"Screening Mammography",Female,65-74,Dual & non-dual,8,COLORADO,All,All,"10,000+",43
Medicare Fee For Service,2022,State/Territory,Preventive Services,Unsmoothed actual,Base measure,Primary chronic conditions,"Screening Mammography",Female,65-74,Dual & non-dual,9,CONNECTICUT,All,All,"10,000+",48
Medicare Fee For Service,2022,State/Territory,Preventive Services,Unsmoothed actual,Base measure,Primary chronic conditions,"Screening Mammography",Female,65-74,Dual & non-dual,10,DELAWARE,All,All,"10,000+",52
Medicare Fee For Service,2022,State/Territory,Preventive Services,Unsmoothed actual,Base measure,Primary chronic conditions,"Screening Mammography",Female,65-74,Dual & non-dual,11,DISTRICT OF COLUMBIA,All,All,"10,000+",36
Medicare Fee For Service,2022,State/Territory,Preventive Services,Unsmoothed actual,Base measure,Primary chronic conditions,"Screening Mammography",Female,65-74,Dual & non-dual,12,FLORIDA,All,All,"10,000+",45
Medicare Fee For Service,2022,State/Territory,Preventive Services,Unsmoothed actual,Base measure,Primary chronic conditions,"Screening Mammography",Female,65-74,Dual & non-dual,13,GEORGIA,All,All,"10,000+",42
Medicare Fee For Service,2022,State/Territory,Preventive Services,Unsmoothed actual,Base measure,Primary chronic conditions,"Screening Mammography",Female,65-74,Dual & non-dual,15,HAWAII,All,All,"10,000+",41
Medicare Fee For Service,2022,State/Territory,Preventive Services,Unsmoothed actual,Base measure,Primary chronic conditions,"Screening Mammography",Female,65-74,Dual & non-dual,16,IDAHO,All,All,"10,000+",42
Medicare Fee For Service,2022,State/Territory,Preventive Services,Unsmoothed actual,Base measure,Primary chronic conditions,"Screening Mammography",Female,65-74,Dual & non-dual,17,ILLINOIS,All,All,"10,000+",45
Medicare Fee For Service,2022,State/Territory,Preventive Services,Unsmoothed actual,Base measure,Primary chronic conditions,"Screening Mammography",Female,65-74,Dual & non-dual,18,INDIANA,All,All,"10,000+",47
Medicare Fee For Service,2022,State/Territory,Preventive Services,Unsmoothed actual,Base measure,Primary chronic conditions,"Screening Mammography",Female,65-74,Dual & non-dual,19,IOWA,All,All,"10,000+",54
Medicare Fee For Service,2022,State/Territory,Preventive Services,Unsmoothed actual,Base measure,Primary chronic conditions,"Screening Mammography",Female,65-74,Dual & non-dual,20,KANSAS,All,All,"10,000+",49
Medicare Fee For Service,2022,State/Territory,Preventive Services,Unsmoothed actual,Base measure,Primary chronic conditions,"Screening Mammography",Female,65-74,Dual & non-dual,21,KENTUCKY,All,All,"10,000+",43
Medicare Fee For Service,2022,State/Territory,Preventive Services,Unsmoothed actual,Base measure,Primary chronic conditions,"Screening Mammography",Female,65-74,Dual & non-dual,22,LOUISIANA,All,All,"10,000+",45
Medicare Fee For Service,2022,State/Territory,Preventive Services,Unsmoothed actual,Base measure,Primary chronic conditions,"Screening Mammography",Female,65-74,Dual & non-dual,23,MAINE,All,All,"10,000+",44
Medicare Fee For Service,2022,State/Territory,Preventive Services,Unsmoothed actual,Base measure,Primary chronic conditions,"Screening Mammography",Female,65-74,Dual & non-dual,24,MARYLAND,All,All,"10,000+",45
Medicare Fee For Service,2022,State/Territory,Preventive Services,Unsmoothed actual,Base measure,Primary chronic conditions,"Screening Mammography",Female,65-74,Dual & non-dual,25,MASSACHUSETTS,All,All,"10,000+",54
Medicare Fee For Service,2022,State/Territory,Preventive Services,Unsmoothed actual,Base measure,Primary chronic conditions,"Screening Mammography",Female,65-74,Dual & non-dual,26,MICHIGAN,All,All,"10,000+",47
Medicare Fee For Service,2022,State/Territory,Preventive Services,Unsmoothed actual,Base measure,Primary chronic conditions,"Screening Mammography",Female,65-74,Dual & non-dual,27,MINNESOTA,All,All,"10,000+",52
Medicare Fee For Service,2022,State/Territory,Preventive Services,Unsmoothed actual,Base measure,Primary chronic conditions,"Screening Mammography",Female,65-74,Dual & non-dual,28,MISSISSIPPI,All,All,"10,000+",42
Medicare Fee For Service,2022,State/Territory,Preventive Services,Unsmoothed actual,Base measure,Primary chronic conditions,"Screening Mammography",Female,65-74,Dual & non-dual,29,MISSOURI,All,All,"10,000+",46
Medicare Fee For Service,2022,State/Territory,Preventive Services,Unsmoothed actual,Base measure,Primary chronic conditions,"Screening Mammography",Female,65-74,Dual & non-dual,30,MONTANA,All,All,"10,000+",44
Medicare Fee For Service,2022,State/Territory,Preventive Services,Unsmoothed actual,Base measure,Primary chronic conditions,"Screening Mammography",Female,65-74,Dual & non-dual,31,NEBRASKA,All,All,"10,000+",52
Medicare Fee For Service,2022,State/Territory,Preventive Services,Unsmoothed actual,Base measure,Primary chronic conditions,"Screening Mammography",Female,65-74,Dual & non-dual,32,NEVADA,All,All,"10,000+",35
Medicare Fee For Service,2022,State/Territory,Preventive Services,Unsmoothed actual,Base measure,Primary chronic conditions,"Screening Mammography",Female,65-74,Dual & non-dual,33,NEW HAMPSHIRE,All,All,"10,000+",50
Medicare Fee For Service,2022,State/Territory,Preventive Services,Unsmoothed actual,Base measure,Primary chronic conditions,"Screening Mammography",Female,65-74,Dual & non-dual,34,NEW JERSEY,All,All,"10,000+",43
Medicare Fee For Service,2022,State/Territory,Preventive Services,Unsmoothed actual,Base measure,Primary chronic conditions,"Screening Mammography",Female,65-74,Dual & non-dual,35,NEW MEXICO,All,All,"10,000+",36
Medicare Fee For Service,2022,State/Territory,Preventive Services,Unsmoothed actual,Base measure,Primary chronic conditions,"Screening Mammography",Female,65-74,Dual & non-dual,36,NEW YORK,All,All,"10,000+",44
Medicare Fee For Service,2022,State/Territory,Preventive Services,Unsmoothed actual,Base measure,Primary chronic conditions,"Screening Mammography",Female,65-74,Dual & non-dual,37,NORTH CAROLINA,All,All,"10,000+",48
Medicare Fee For Service,2022,State/Territory,Preventive Services,Unsmoothed actual,Base measure,Primary chronic conditions,"Screening Mammography",Female,65-74,Dual & non-dual,38,NORTH DAKOTA,All,All,"10,000+",53
Medicare Fee For Service,2022,State/Territory,Preventive Services,Unsmoothed actual,Base measure,Primary chronic conditions,"Screening Mammography",Female,65-74,Dual & non-dual,39,OHIO,All,All,"10,000+",47
Medicare Fee For Service,2022,State/Territory,Preventive Services,Unsmoothed actual,Base measure,Primary chronic conditions,"Screening Mammography",Female,65-74,Dual & non-dual,40,OKLAHOMA,All,All,"10,000+",41
Medicare Fee For Service,2022,State/Territory,Preventive Services,Unsmoothed actual,Base measure,Primary chronic conditions,"Screening Mammography",Female,65-74,Dual & non-dual,41,OREGON,All,All,"10,000+",42
Medicare Fee For Service,2022,State/Territory,Preventive Services,Unsmoothed actual,Base measure,Primary chronic conditions,"Screening Mammography",Female,65-74,Dual & non-dual,42,PENNSYLVANIA,All,All,"10,000+",49
Medicare Fee For Service,2022,State/Territory,Preventive Services,Unsmoothed actual,Base measure,Primary chronic conditions,"Screening Mammography",Female,65-74,Dual & non-dual,44,RHODE ISLAND,All,All,"10,000+",53
Medicare Fee For Service,2022,State/Territory,Preventive Services,Unsmoothed actual,Base measure,Primary chronic conditions,"Screening Mammography",Female,65-74,Dual & non-dual,45,SOUTH CAROLINA,All,All,"10,000+",50
Medicare Fee For Service,2022,State/Territory,Preventive Services,Unsmoothed actual,Base measure,Primary chronic conditions,"Screening Mammography",Female,65-74,Dual & non-dual,46,SOUTH DAKOTA,All,All,"10,000+",51
Medicare Fee For Service,2022,State/Territory,Preventive Services,Unsmoothed actual,Base measure,Primary chronic conditions,"Screening Mammography",Female,65-74,Dual & non-dual,47,TENNESSEE,All,All,"10,000+",44
Medicare Fee For Service,2022,State/Territory,Preventive Services,Unsmoothed actual,Base measure,Primary chronic conditions,"Screening Mammography",Female,65-74,Dual & non-dual,48,TEXAS,All,All,"10,000+",41
Medicare Fee For Service,2022,State/Territory,Preventive Services,Unsmoothed actual,Base measure,Primary chronic conditions,"Screening Mammography",Female,65-74,Dual & non-dual,49,UTAH,All,All,"10,000+",43
Medicare Fee For Service,2022,State/Territory,Preventive Services,Unsmoothed actual,Base measure,Primary chronic conditions,"Screening Mammography",Female,65-74,Dual & non-dual,50,VERMONT,All,All,"10,000+",45
Medicare Fee For Service,2022,State/Territory,Preventive Services,Unsmoothed actual,Base measure,Primary chronic conditions,"Screening Mammography",Female,65-74,Dual & non-dual,51,VIRGINIA,All,All,"10,000+",46
Medicare Fee For Service,2022,State/Territory,Preventive Services,Unsmoothed actual,Base measure,Primary chronic conditions,"Screening Mammography",Female,65-74,Dual & non-dual,53,WASHINGTON,All,All,"10,000+",39
Medicare Fee For Service,2022,State/Territory,Preventive Services,Unsmoothed actual,Base measure,Primary chronic conditions,"Screening Mammography",Female,65-74,Dual & non-dual,54,WEST VIRGINIA,All,All,"10,000+",42
Medicare Fee For Service,2022,State/Territory,Preventive Services,Unsmoothed actual,Base measure,Primary chronic conditions,"Screening Mammography",Female,65-74,Dual & non-dual,55,WISCONSIN,All,All,"10,000+",50
Medicare Fee For Service,2022,State/Territory,Preventive Services,Unsmoothed actual,Base measure,Primary chronic conditions,"Screening Mammography",Female,65-74,Dual & non-dual,56,WYOMING,All,All,"10,000+",38
Medicare Fee For Service,2022,State/Territory,Preventive Services,Unsmoothed actual,Base measure,Primary chronic conditions,"Screening Mammography",Female,65-74,Dual & non-dual,60,AMERICAN SAMOA,All,All,"500-999",6
Medicare Fee For Service,2022,State/Territory,Preventive Services,Unsmoothed actual,Base measure,Primary chronic conditions,"Screening Mammography",Female,65-74,Dual & non-dual,66,GUAM,All,All,"1,000-4,999",33
Medicare Fee For Service,2022,State/Territory,Preventive Services,Unsmoothed actual,Base measure,Primary chronic conditions,"Screening Mammography",Female,65-74,Dual & non-dual,69,NORTHERN MARIANAS,All,All,"500-999",4
Medicare Fee For Service,2022,State/Territory,Preventive Services,Unsmoothed actual,Base measure,Primary chronic conditions,"Screening Mammography",Female,65-74,Dual & non-dual,72,PUERTO RICO,All,All,"5,000-9,999",19
Medicare Fee For Service,2022,State/Territory,Preventive Services,Unsmoothed actual,Base measure,Primary chronic conditions,"Screening Mammography",Female,65-74,Dual & non-dual,78,VIRGIN ISLANDS,All,All,"1,000-4,999",26